
  .   ____          _            __ _ _
 /\\ / ___'_ __ _ _(_)_ __  __ _ \ \ \ \
( ( )\___ | '_ | '_| | '_ \/ _` | \ \ \ \
 \\/  ___)| |_)| | | | | || (_| |  ) ) ) )
  '  |____| .__|_| |_|_| |_\__, | / / / /
 =========|_|==============|___/=/_/_/_/
 :: Spring Boot ::               (v2.7.18)

2026-07-15 10:30:41.250  INFO 28452 --- [           main] com.agri.trace.TraceApplication          : Starting TraceApplication v1.0.0 using Java 1.8.0_331 on LAPTOP-EDUB0616 with PID 28452 (E:\Grouptest_git\agriculture-trace-platform\target\agriculture-trace-platform-1.0.0.jar started by Lenovo in E:\Grouptest_git\agriculture-trace-platform)
2026-07-15 10:30:41.252  INFO 28452 --- [           main] com.agri.trace.TraceApplication          : No active profile set, falling back to 1 default profile: "default"
2026-07-15 10:30:43.025  INFO 28452 --- [           main] o.s.b.w.embedded.tomcat.TomcatWebServer  : Tomcat initialized with port(s): 8080 (http)
2026-07-15 10:30:43.039  INFO 28452 --- [           main] o.apache.catalina.core.StandardService   : Starting service [Tomcat]
2026-07-15 10:30:43.040  INFO 28452 --- [           main] org.apache.catalina.core.StandardEngine  : Starting Servlet engine: [Apache Tomcat/9.0.83]
2026-07-15 10:30:43.210  INFO 28452 --- [           main] o.a.c.c.C.[Tomcat].[localhost].[/]       : Initializing Spring embedded WebApplicationContext
2026-07-15 10:30:43.211  INFO 28452 --- [           main] w.s.c.ServletWebServerApplicationContext : Root WebApplicationContext: initialization completed in 1925 ms
2026-07-15 10:30:43.385  INFO 28452 --- [           main] com.zaxxer.hikari.HikariDataSource       : HikariPool-1 - Starting...
2026-07-15 10:30:43.588  INFO 28452 --- [           main] com.zaxxer.hikari.HikariDataSource       : HikariPool-1 - Start completed.
Logging initialized using 'class org.apache.ibatis.logging.stdout.StdOutImpl' adapter.
 _ _   |_  _ _|_. ___ _ |    _ 
| | |\/|_)(_| | |_\  |_)||_|_\ 
     /               |         
                        3.5.5 
2026-07-15 10:30:44.109  WARN 28452 --- [           main] .s.s.UserDetailsServiceAutoConfiguration : 

Using generated security password: 0b6b8ae1-df16-4239-81bf-6e7ae61ec328

This generated password is for development use only. Your security configuration must be updated before running your application in production.

2026-07-15 10:30:44.206  INFO 28452 --- [           main] o.s.s.web.DefaultSecurityFilterChain     : Will secure any request with [org.springframework.security.web.session.DisableEncodeUrlFilter@428640fa, org.springframework.security.web.context.request.async.WebAsyncManagerIntegrationFilter@d9345cd, org.springframework.security.web.context.SecurityContextPersistenceFilter@957e06, org.springframework.security.web.header.HeaderWriterFilter@6404f418, org.springframework.security.web.authentication.logout.LogoutFilter@437da279, com.agri.trace.security.JwtAuthenticationFilter@443118b0, org.springframework.security.web.savedrequest.RequestCacheAwareFilter@2c1b194a, org.springframework.security.web.servletapi.SecurityContextHolderAwareRequestFilter@66f57048, org.springframework.security.web.authentication.AnonymousAuthenticationFilter@2d710f1a, org.springframework.security.web.session.SessionManagementFilter@729d991e, org.springframework.security.web.access.ExceptionTranslationFilter@53ce1329, org.springframework.security.web.access.intercept.FilterSecurityInterceptor@55634720]
2026-07-15 10:30:44.487  INFO 28452 --- [           main] o.s.b.w.embedded.tomcat.TomcatWebServer  : Tomcat started on port(s): 8080 (http) with context path ''
2026-07-15 10:30:44.495  INFO 28452 --- [           main] com.agri.trace.TraceApplication          : Started TraceApplication in 3.55 seconds (JVM running for 3.9)
2026-07-15 10:30:44.511  INFO 28452 --- [           main] com.agri.trace.config.DataInitializer    : 数据库表结构初始化完成
Creating a new SqlSession
Registering transaction synchronization for SqlSession [org.apache.ibatis.session.defaults.DefaultSqlSession@5c7bfdc1]
JDBC Connection [HikariProxyConnection@1764996806 wrapping org.sqlite.jdbc4.JDBC4Connection@7d3e8655] will be managed by Spring
==>  Preparing: SELECT COUNT( * ) AS total FROM user WHERE deleted=0
==> Parameters: 
<==    Columns: total
<==        Row: 3
<==      Total: 1
Releasing transactional SqlSession [org.apache.ibatis.session.defaults.DefaultSqlSession@5c7bfdc1]
2026-07-15 10:30:44.568  INFO 28452 --- [           main] com.agri.trace.config.DataInitializer    : 已有数据，跳过初始化
Transaction synchronization committing SqlSession [org.apache.ibatis.session.defaults.DefaultSqlSession@5c7bfdc1]
Transaction synchronization deregistering SqlSession [org.apache.ibatis.session.defaults.DefaultSqlSession@5c7bfdc1]
Transaction synchronization closing SqlSession [org.apache.ibatis.session.defaults.DefaultSqlSession@5c7bfdc1]
2026-07-15 10:32:07.500  INFO 28452 --- [nio-8080-exec-1] o.a.c.c.C.[Tomcat].[localhost].[/]       : Initializing Spring DispatcherServlet 'dispatcherServlet'
2026-07-15 10:32:07.501  INFO 28452 --- [nio-8080-exec-1] o.s.web.servlet.DispatcherServlet        : Initializing Servlet 'dispatcherServlet'
2026-07-15 10:32:07.502  INFO 28452 --- [nio-8080-exec-1] o.s.web.servlet.DispatcherServlet        : Completed initialization in 1 ms
Creating a new SqlSession
SqlSession [org.apache.ibatis.session.defaults.DefaultSqlSession@2b542643] was not registered for synchronization because synchronization is not active
JDBC Connection [HikariProxyConnection@712249820 wrapping org.sqlite.jdbc4.JDBC4Connection@7d3e8655] will not be managed by Spring
==>  Preparing: SELECT * FROM user WHERE username = ? AND deleted = 0
==> Parameters: admin(String)
<==    Columns: id, username, password, real_name, phone, role, avatar, deleted, create_time, update_time
<==        Row: 1, admin, $2a$10$xWyIy/YcZWLbVRZoifs5IOa0n5G9UZYtvhcsFfq8A/FXSVa7PgQvK, 系统管理员, null, ADMIN, null, 0, 2026-07-14T19:22:34.747, 2026-07-14 11:22:34
<==      Total: 1
Closing non transactional SqlSession [org.apache.ibatis.session.defaults.DefaultSqlSession@2b542643]
Creating a new SqlSession
SqlSession [org.apache.ibatis.session.defaults.DefaultSqlSession@6e603de6] was not registered for synchronization because synchronization is not active
JDBC Connection [HikariProxyConnection@776377835 wrapping org.sqlite.jdbc4.JDBC4Connection@7d3e8655] will not be managed by Spring
==>  Preparing: SELECT COUNT(*) AS total FROM product WHERE deleted = 0 AND (status = ?)
==> Parameters: 1(Integer)
<==    Columns: total
<==        Row: 105
<==      Total: 1
==>  Preparing: SELECT id,name,category,origin,spec,price,stock,batch_no,image_url,description,trace_level,deleted,status,create_time,update_time FROM product WHERE deleted=0 AND (status = ?) ORDER BY create_time DESC LIMIT ?
==> Parameters: 1(Integer), 5(Long)
<==    Columns: id, name, category, origin, spec, price, stock, batch_no, image_url, description, trace_level, deleted, status, create_time, update_time
<==        Row: 8, 陕西洛川苹果, 水果, 陕西延安, 5kg/箱, 42, 613, BATCH-F-007, null, 陕西延安陕西洛川苹果，全程溯源可查，品质保障。, AA, 0, 1, 2026-07-14T19:22:52, 2026-07-14T19:22:52
<==        Row: 2, 五常有机大米, 粮食, 黑龙江五常, 10kg/袋, 89.9, 500, BATCH-G-001, null, 黑龙江五常有机稻花香大米。, AA, 0, 1, 2026-07-14T19:22:35.018, 2026-07-14 11:22:35
<==        Row: 1, 山东红富士苹果, 水果, 山东烟台, 5kg/箱, 49.9, 1000, BATCH-F-001, null, 山东烟台红富士苹果，色泽红润，口感脆甜。, AAA, 0, 1, 2026-07-14T19:22:34.990, 2026-07-14 11:22:34
<==        Row: 3, 新疆库尔勒香梨, 水果, 新疆库尔勒, 4kg/箱, 39.9, 601, BATCH-F-002, null, 新疆库尔勒新疆库尔勒香梨，全程溯源可查，品质保障。, AA, 0, 1, 2026-07-14 19:22:52, 2026-07-14 19:22:52
<==        Row: 4, 四川爱媛果冻橙, 水果, 四川眉山, 5kg/箱, 45, 685, BATCH-F-003, null, 四川眉山四川爱媛果冻橙，全程溯源可查，品质保障。, AA, 0, 1, 2026-07-14 19:22:52, 2026-07-14 19:22:52
<==      Total: 5
Closing non transactional SqlSession [org.apache.ibatis.session.defaults.DefaultSqlSession@6e603de6]
Creating a new SqlSession
SqlSession [org.apache.ibatis.session.defaults.DefaultSqlSession@115ed19] was not registered for synchronization because synchronization is not active
JDBC Connection [HikariProxyConnection@705158127 wrapping org.sqlite.jdbc4.JDBC4Connection@7d3e8655] will not be managed by Spring
==>  Preparing: SELECT * FROM batch WHERE batch_no = ?
==> Parameters: BATCH-F-001(String)
<==    Columns: id, batch_no, product_id, produce_date, harvest_date, quantity, farm_address, farm_area, soil_type, create_time
<==        Row: 1, BATCH-F-001, 1, 2026-03-15, 2026-06-20, 5000, 山东省烟台市栖霞市蛇窝泊镇, 50亩, 棕壤土, 2026-07-14T19:22:34.996
<==      Total: 1
Closing non transactional SqlSession [org.apache.ibatis.session.defaults.DefaultSqlSession@115ed19]
Creating a new SqlSession
SqlSession [org.apache.ibatis.session.defaults.DefaultSqlSession@52266ad7] was not registered for synchronization because synchronization is not active
JDBC Connection [HikariProxyConnection@2096445615 wrapping org.sqlite.jdbc4.JDBC4Connection@7d3e8655] will not be managed by Spring
==>  Preparing: SELECT * FROM trace_record WHERE batch_id = ? ORDER BY record_time ASC
==> Parameters: 1(Long)
<==    Columns: id, batch_id, record_type, record_time, operator, content, detail, attachment, create_time
<==        Row: 1, 1, 种植, 2026-03-15, null, 完成苹果树春季修剪与施肥, null, null, 2026-07-14T19:22:35.001
<==        Row: 2, 1, 施肥, 2026-04-10, null, 施用有机肥500kg, null, null, 2026-07-14T19:22:35.005
<==        Row: 3, 1, 采收, 2026-06-20, null, 人工采摘分拣, null, null, 2026-07-14T19:22:35.008
<==      Total: 3
Closing non transactional SqlSession [org.apache.ibatis.session.defaults.DefaultSqlSession@52266ad7]
Creating a new SqlSession
SqlSession [org.apache.ibatis.session.defaults.DefaultSqlSession@1b8d351a] was not registered for synchronization because synchronization is not active
JDBC Connection [HikariProxyConnection@513318132 wrapping org.sqlite.jdbc4.JDBC4Connection@7d3e8655] will not be managed by Spring
==>  Preparing: SELECT * FROM pesticide_report WHERE batch_id = ?
==> Parameters: 1(Long)
<==    Columns: id, batch_id, report_no, test_date, test_organization, item_name, result, standard_limit, unit, is_compliant, create_time
<==        Row: 1, 1, REP-1784028155011, 2026-07-14, 农业农村部农产品质检中心, 毒死蜱, 0.01, 0.05, mg/kg, 1, 2026-07-14T19:22:35.011
<==        Row: 2, 1, REP-1784028155015, 2026-07-14, 农业农村部农产品质检中心, 多菌灵, 0.02, 0.10, mg/kg, 1, 2026-07-14T19:22:35.015
<==      Total: 2
Closing non transactional SqlSession [org.apache.ibatis.session.defaults.DefaultSqlSession@1b8d351a]
Creating a new SqlSession
SqlSession [org.apache.ibatis.session.defaults.DefaultSqlSession@9e75c1f] was not registered for synchronization because synchronization is not active
JDBC Connection [HikariProxyConnection@119579475 wrapping org.sqlite.jdbc4.JDBC4Connection@7d3e8655] will not be managed by Spring
==>  Preparing: SELECT * FROM batch WHERE batch_no = ?
==> Parameters: BATCH-V-005(String)
<==    Columns: id, batch_no, product_id, produce_date, harvest_date, quantity, farm_address, farm_area, soil_type, create_time
<==        Row: 27, BATCH-V-005, 27, 2026-05-23, 2026-07-05, 3734, 甘肃兰州生产基地, 87亩, 黑土, 2026-07-14 19:22:52
<==      Total: 1
Closing non transactional SqlSession [org.apache.ibatis.session.defaults.DefaultSqlSession@9e75c1f]
Creating a new SqlSession
SqlSession [org.apache.ibatis.session.defaults.DefaultSqlSession@31f376f] was not registered for synchronization because synchronization is not active
JDBC Connection [HikariProxyConnection@1176349032 wrapping org.sqlite.jdbc4.JDBC4Connection@7d3e8655] will not be managed by Spring
==>  Preparing: SELECT * FROM trace_record WHERE batch_id = ? ORDER BY record_time ASC
==> Parameters: 27(Long)
<==    Columns: id, batch_id, record_type, record_time, operator, content, detail, attachment, create_time
<==        Row: 126, 27, 种植, 2026-03-30, null, 完成甘肃兰州百合种苗定植, null, null, 2026-07-14 19:22:52
<==        Row: 127, 27, 施肥, 2026-05-25, null, 施用有机肥500kg/亩, null, null, 2026-07-14 19:22:52
<==        Row: 128, 27, 灌溉, 2026-06-24, null, 智能滴灌系统灌溉, null, null, 2026-07-14 19:22:52
<==        Row: 129, 27, 采收, 2026-07-09, null, 人工挑选采收，分级包装, null, null, 2026-07-14 19:22:52
<==        Row: 130, 27, 加工, 2026-07-11, null, 清洗、分拣、称重、冷链包装, null, null, 2026-07-14 19:22:52
<==      Total: 5
Closing non transactional SqlSession [org.apache.ibatis.session.defaults.DefaultSqlSession@31f376f]
Creating a new SqlSession
SqlSession [org.apache.ibatis.session.defaults.DefaultSqlSession@75291210] was not registered for synchronization because synchronization is not active
JDBC Connection [HikariProxyConnection@2005994973 wrapping org.sqlite.jdbc4.JDBC4Connection@7d3e8655] will not be managed by Spring
==>  Preparing: SELECT * FROM pesticide_report WHERE batch_id = ?
==> Parameters: 27(Long)
<==    Columns: id, batch_id, report_no, test_date, test_organization, item_name, result, standard_limit, unit, is_compliant, create_time
<==        Row: 89, 27, REP-96556, 2026-07-05, 农业农村部农产品质量监督检验测试中心, 多菌灵, 未检出, 0.10, mg/kg, 1, 2026-07-14 19:22:52
<==        Row: 90, 27, REP-84854, 2026-07-05, 农业农村部农产品质量监督检验测试中心, 吡虫啉, 未检出, 0.05, mg/kg, 1, 2026-07-14 19:22:52
<==        Row: 91, 27, REP-92335, 2026-07-05, 农业农村部农产品质量监督检验测试中心, 氯氰菊酯, 未检出, 0.20, mg/kg, 1, 2026-07-14 19:22:52
<==        Row: 92, 27, REP-96369, 2026-07-05, 农业农村部农产品质量监督检验测试中心, 毒死蜱, 0.040, 0.05, mg/kg, 1, 2026-07-14 19:22:52
<==      Total: 4
Closing non transactional SqlSession [org.apache.ibatis.session.defaults.DefaultSqlSession@75291210]
Creating a new SqlSession
SqlSession [org.apache.ibatis.session.defaults.DefaultSqlSession@77da316] was not registered for synchronization because synchronization is not active
JDBC Connection [HikariProxyConnection@54667041 wrapping org.sqlite.jdbc4.JDBC4Connection@7d3e8655] will not be managed by Spring
==>  Preparing: SELECT id,name,category,origin,spec,price,stock,batch_no,image_url,description,trace_level,deleted,status,create_time,update_time FROM product WHERE deleted=0
==> Parameters: 
<==    Columns: id, name, category, origin, spec, price, stock, batch_no, image_url, description, trace_level, deleted, status, create_time, update_time
<==        Row: 1, 山东红富士苹果, 水果, 山东烟台, 5kg/箱, 49.9, 1000, BATCH-F-001, null, 山东烟台红富士苹果，色泽红润，口感脆甜。, AAA, 0, 1, 2026-07-14T19:22:34.990, 2026-07-14 11:22:34
<==        Row: 2, 五常有机大米, 粮食, 黑龙江五常, 10kg/袋, 89.9, 500, BATCH-G-001, null, 黑龙江五常有机稻花香大米。, AA, 0, 1, 2026-07-14T19:22:35.018, 2026-07-14 11:22:35
<==        Row: 3, 新疆库尔勒香梨, 水果, 新疆库尔勒, 4kg/箱, 39.9, 601, BATCH-F-002, null, 新疆库尔勒新疆库尔勒香梨，全程溯源可查，品质保障。, AA, 0, 1, 2026-07-14 19:22:52, 2026-07-14 19:22:52
<==        Row: 4, 四川爱媛果冻橙, 水果, 四川眉山, 5kg/箱, 45, 685, BATCH-F-003, null, 四川眉山四川爱媛果冻橙，全程溯源可查，品质保障。, AA, 0, 1, 2026-07-14 19:22:52, 2026-07-14 19:22:52
<==        Row: 5, 广西武鸣沃柑, 水果, 广西武鸣, 5kg/箱, 35.9, 752, BATCH-F-004, null, 广西武鸣广西武鸣沃柑，全程溯源可查，品质保障。, AA, 0, 1, 2026-07-14 19:22:52, 2026-07-14 19:22:52
<==        Row: 6, 海南金钻凤梨, 水果, 海南海口, 2个/盒, 29.9, 800, BATCH-F-005, null, 海南海口海南金钻凤梨，全程溯源可查，品质保障。, AA, 0, 1, 2026-07-14 19:22:52, 2026-07-14 19:22:52
<==        Row: 7, 云南冰糖橙, 水果, 云南玉溪, 5kg/箱, 38, 598, BATCH-F-006, null, 云南玉溪云南冰糖橙，全程溯源可查，品质保障。, AA, 0, 1, 2026-07-14 19:22:52, 2026-07-14 19:22:52
<==        Row: 8, 陕西洛川苹果, 水果, 陕西延安, 5kg/箱, 42, 613, BATCH-F-007, null, 陕西延安陕西洛川苹果，全程溯源可查，品质保障。, AA, 0, 1, 2026-07-14T19:22:52, 2026-07-14T19:22:52
<==        Row: 9, 浙江仙居杨梅, 水果, 浙江台州, 3kg/箱, 68, 150, BATCH-F-008, null, 浙江台州浙江仙居杨梅，全程溯源可查，品质保障。, AA, 0, 1, 2026-07-14 19:22:52, 2026-07-14 19:22:52
<==        Row: 10, 广东桂味荔枝, 水果, 广东茂名, 3kg/箱, 55, 537, BATCH-F-009, null, 广东茂名广东桂味荔枝，全程溯源可查，品质保障。, AA, 0, 1, 2026-07-14 19:22:52, 2026-07-14 19:22:52
<==        Row: 11, 福建平和蜜柚, 水果, 福建漳州, 2个/袋, 25.9, 756, BATCH-F-010, null, 福建漳州福建平和蜜柚，全程溯源可查，品质保障。, AA, 0, 1, 2026-07-14 19:22:52, 2026-07-14 19:22:52
<==        Row: 12, 新疆哈密瓜, 水果, 新疆吐鲁番, 1个/箱, 32, 371, BATCH-F-011, null, 新疆吐鲁番新疆哈密瓜，全程溯源可查，品质保障。, AA, 0, 1, 2026-07-14 19:22:52, 2026-07-14 19:22:52
<==        Row: 13, 辽宁巨峰葡萄, 水果, 辽宁大连, 2.5kg/箱, 48, 643, BATCH-F-012, null, 辽宁大连辽宁巨峰葡萄，全程溯源可查，品质保障。, AA, 0, 1, 2026-07-14 19:22:52, 2026-07-14 19:22:52
<==        Row: 14, 河北赵县雪梨, 水果, 河北赵县, 5kg/箱, 28, 705, BATCH-F-013, null, 河北赵县河北赵县雪梨，全程溯源可查，品质保障。, AA, 0, 1, 2026-07-14 19:22:52, 2026-07-14 19:22:52
<==        Row: 15, 江西赣南脐橙, 水果, 江西赣州, 5kg/箱, 42, 398, BATCH-F-014, null, 江西赣州江西赣南脐橙，全程溯源可查，品质保障。, AA, 0, 1, 2026-07-14 19:22:52, 2026-07-14 19:22:52
<==        Row: 16, 甘肃花牛苹果, 水果, 甘肃天水, 5kg/箱, 36, 700, BATCH-F-015, null, 甘肃天水甘肃花牛苹果，全程溯源可查，品质保障。, AA, 0, 1, 2026-07-14 19:22:52, 2026-07-14 19:22:52
<==        Row: 17, 广西百香果, 水果, 广西玉林, 2.5kg/箱, 33, 653, BATCH-F-016, null, 广西玉林广西百香果，全程溯源可查，品质保障。, AA, 0, 1, 2026-07-14 19:22:52, 2026-07-14 19:22:52
<==        Row: 18, 海南三亚芒果, 水果, 海南三亚, 3kg/箱, 45, 663, BATCH-F-017, null, 海南三亚海南三亚芒果，全程溯源可查，品质保障。, AA, 0, 1, 2026-07-14 19:22:52, 2026-07-14 19:22:52
<==        Row: 19, 山东大樱桃, 水果, 山东烟台, 2kg/箱, 78, 504, BATCH-F-018, null, 山东烟台山东大樱桃，全程溯源可查，品质保障。, AA, 0, 1, 2026-07-14 19:22:52, 2026-07-14 19:22:52
<==        Row: 20, 福建东魁杨梅, 水果, 福建龙海, 2.5kg/箱, 58, 339, BATCH-F-019, null, 福建龙海福建东魁杨梅，全程溯源可查，品质保障。, AA, 0, 1, 2026-07-14 19:22:52, 2026-07-14 19:22:52
<==        Row: 21, 云南澄江蓝莓, 水果, 云南澄江, 12盒/箱, 88, 451, BATCH-F-020, null, 云南澄江云南澄江蓝莓，全程溯源可查，品质保障。, AA, 0, 1, 2026-07-14 19:22:52, 2026-07-14 19:22:52
<==        Row: 22, 海南凤梨释迦, 水果, 海南乐东, 2个/盒, 69, 546, BATCH-F-021, null, 海南乐东海南凤梨释迦，全程溯源可查，品质保障。, AA, 0, 1, 2026-07-14 19:22:52, 2026-07-14 19:22:52
<==        Row: 23, 云南有机蔬菜礼盒, 蔬菜, 云南昆明, 3kg/盒, 68, 740, BATCH-V-001, null, 云南昆明云南有机蔬菜礼盒，全程溯源可查，品质保障。, AA, 0, 1, 2026-07-14 19:22:52, 2026-07-14 19:22:52
<==        Row: 24, 山东章丘大葱, 蔬菜, 山东济南, 2kg/把, 12.9, 158, BATCH-V-002, null, 山东济南山东章丘大葱，全程溯源可查，品质保障。, AA, 0, 1, 2026-07-14 19:22:52, 2026-07-14 19:22:52
<==        Row: 25, 河南铁棍山药, 蔬菜, 河南焦作, 2kg/箱, 28, 334, BATCH-V-003, null, 河南焦作河南铁棍山药，全程溯源可查，品质保障。, AA, 0, 1, 2026-07-14 19:22:52, 2026-07-14 19:22:52
<==        Row: 26, 寿光新鲜黄瓜, 蔬菜, 山东潍坊, 1.5kg/袋, 9.9, 669, BATCH-V-004, null, 山东潍坊寿光新鲜黄瓜，全程溯源可查，品质保障。, AA, 0, 1, 2026-07-14 19:22:52, 2026-07-14 19:22:52
<==        Row: 27, 甘肃兰州百合, 蔬菜, 甘肃兰州, 500g/袋, 35, 599, BATCH-V-005, null, 甘肃兰州甘肃兰州百合，全程溯源可查，品质保障。, AA, 0, 1, 2026-07-14 19:22:52, 2026-07-14 19:22:52
<==        Row: 28, 福建古田鲜银耳, 蔬菜, 福建宁德, 300g/袋, 22, 631, BATCH-V-006, null, 福建宁德福建古田鲜银耳，全程溯源可查，品质保障。, AA, 0, 1, 2026-07-14 19:22:52, 2026-07-14 19:22:52
<==        Row: 29, 四川儿菜, 蔬菜, 四川成都, 2kg/袋, 13, 254, BATCH-V-007, null, 四川成都四川儿菜，全程溯源可查，品质保障。, AA, 0, 1, 2026-07-14 19:22:52, 2026-07-14 19:22:52
<==        Row: 30, 东北黑木耳, 蔬菜, 黑龙江牡丹江, 250g/袋, 32, 487, BATCH-V-008, null, 黑龙江牡丹江东北黑木耳，全程溯源可查，品质保障。, AA, 0, 1, 2026-07-14 19:22:52, 2026-07-14 19:22:52
<==        Row: 31, 云南香格里拉松茸, 蔬菜, 云南香格里拉, 500g/盒, 168, 532, BATCH-V-009, null, 云南香格里拉云南香格里拉松茸，全程溯源可查，品质保障。, AA, 0, 1, 2026-07-14 19:22:52, 2026-07-14 19:22:52
<==        Row: 32, 湖南洞庭湖莲藕, 蔬菜, 湖南洞庭湖, 2.5kg/袋, 15, 341, BATCH-V-010, null, 湖南洞庭湖湖南洞庭湖莲藕，全程溯源可查，品质保障。, AA, 0, 1, 2026-07-14 19:22:52, 2026-07-14 19:22:52
<==        Row: 33, 海南有机番茄, 蔬菜, 海南三亚, 2kg/袋, 14.9, 741, BATCH-V-011, null, 海南三亚海南有机番茄，全程溯源可查，品质保障。, AA, 0, 1, 2026-07-14 19:22:52, 2026-07-14 19:22:52
<==        Row: 34, 山东紫甘蓝, 蔬菜, 山东临沂, 1个/袋, 6.5, 714, BATCH-V-012, null, 山东临沂山东紫甘蓝，全程溯源可查，品质保障。, AA, 0, 1, 2026-07-14 19:22:52, 2026-07-14 19:22:52
<==        Row: 35, 云南甜玉米, 蔬菜, 云南西双版纳, 5根/袋, 15, 494, BATCH-V-013, null, 云南西双版纳云南甜玉米，全程溯源可查，品质保障。, AA, 0, 1, 2026-07-14 19:22:52, 2026-07-14 19:22:52
<==        Row: 36, 河北平泉香菇, 蔬菜, 河北承德, 500g/盒, 18, 492, BATCH-V-014, null, 河北承德河北平泉香菇，全程溯源可查，品质保障。, AA, 0, 1, 2026-07-14 19:22:52, 2026-07-14 19:22:52
<==        Row: 37, 浙江杭州雷笋, 蔬菜, 浙江杭州, 1.5kg/袋, 22, 419, BATCH-V-015, null, 浙江杭州浙江杭州雷笋，全程溯源可查，品质保障。, AA, 0, 1, 2026-07-14 19:22:52, 2026-07-14 19:22:52
<==        Row: 38, 广东菜心, 蔬菜, 广东清远, 500g/把, 6, 727, BATCH-V-016, null, 广东清远广东菜心，全程溯源可查，品质保障。, AA, 0, 1, 2026-07-14 19:22:52, 2026-07-14 19:22:52
<==        Row: 39, 宁夏菜心, 蔬菜, 宁夏银川, 500g/把, 7.5, 660, BATCH-V-017, null, 宁夏银川宁夏菜心，全程溯源可查，品质保障。, AA, 0, 1, 2026-07-14 19:22:52, 2026-07-14 19:22:52
<==        Row: 40, 江苏徐州芦笋, 蔬菜, 江苏徐州, 500g/盒, 19, 685, BATCH-V-018, null, 江苏徐州江苏徐州芦笋，全程溯源可查，品质保障。, AA, 0, 1, 2026-07-14 19:22:52, 2026-07-14 19:22:52
<==        Row: 41, 山东有机土豆, 蔬菜, 山东滕州, 2.5kg/袋, 11, 554, BATCH-V-019, null, 山东滕州山东有机土豆，全程溯源可查，品质保障。, AA, 0, 1, 2026-07-14 19:22:52, 2026-07-14 19:22:52
<==        Row: 42, 湖南红菜苔, 蔬菜, 湖南长沙, 500g/把, 8, 117, BATCH-V-020, null, 湖南长沙湖南红菜苔，全程溯源可查，品质保障。, AA, 0, 1, 2026-07-14 19:22:52, 2026-07-14 19:22:52
<==        Row: 43, 福建姬松茸, 蔬菜, 福建古田, 300g/盒, 42, 790, BATCH-V-021, null, 福建古田福建姬松茸，全程溯源可查，品质保障。, AA, 0, 1, 2026-07-14 19:22:52, 2026-07-14 19:22:52
<==        Row: 44, 黑龙江珍珠米, 粮食, 黑龙江佳木斯, 10kg/袋, 55, 357, BATCH-G-002, null, 黑龙江佳木斯黑龙江珍珠米，全程溯源可查，品质保障。, AA, 0, 1, 2026-07-14 19:22:52, 2026-07-14 19:22:52
<==        Row: 45, 吉林小町米, 粮食, 吉林长春, 10kg/袋, 62, 180, BATCH-G-003, null, 吉林长春吉林小町米，全程溯源可查，品质保障。, AA, 0, 1, 2026-07-14 19:22:52, 2026-07-14 19:22:52
<==        Row: 46, 辽宁盘锦大米, 粮食, 辽宁盘锦, 10kg/袋, 58, 789, BATCH-G-004, null, 辽宁盘锦辽宁盘锦大米，全程溯源可查，品质保障。, AA, 0, 1, 2026-07-14 19:22:52, 2026-07-14 19:22:52
<==        Row: 47, 山西沁州黄小米, 粮食, 山西长治, 2.5kg/袋, 32, 345, BATCH-G-005, null, 山西长治山西沁州黄小米，全程溯源可查，品质保障。, AA, 0, 1, 2026-07-14 19:22:52, 2026-07-14 19:22:52
<==        Row: 48, 内蒙古燕麦米, 粮食, 内蒙古赤峰, 2kg/袋, 28, 224, BATCH-G-006, null, 内蒙古赤峰内蒙古燕麦米，全程溯源可查，品质保障。, AA, 0, 1, 2026-07-14 19:22:52, 2026-07-14 19:22:52
<==        Row: 49, 河北张家口藜麦, 粮食, 河北张北, 1kg/袋, 35, 340, BATCH-G-007, null, 河北张北河北张家口藜麦，全程溯源可查，品质保障。, AA, 0, 1, 2026-07-14 19:22:52, 2026-07-14 19:22:52
<==        Row: 50, 云南红河紫米, 粮食, 云南红河, 2kg/袋, 38, 682, BATCH-G-008, null, 云南红河云南红河紫米，全程溯源可查，品质保障。, AA, 0, 1, 2026-07-14 19:22:52, 2026-07-14 19:22:52
<==        Row: 51, 山东济宁黑米, 粮食, 山东济宁, 2.5kg/袋, 22, 442, BATCH-G-009, null, 山东济宁山东济宁黑米，全程溯源可查，品质保障。, AA, 0, 1, 2026-07-14 19:22:52, 2026-07-14 19:22:52
<==        Row: 52, 河南周口面粉, 粮食, 河南周口, 5kg/袋, 25, 587, BATCH-G-010, null, 河南周口河南周口面粉，全程溯源可查，品质保障。, AA, 0, 1, 2026-07-14 19:22:52, 2026-07-14 19:22:52
<==        Row: 53, 湖南湘西富硒米, 粮食, 湖南湘西, 5kg/袋, 45, 375, BATCH-G-011, null, 湖南湘西湖南湘西富硒米，全程溯源可查，品质保障。, AA, 0, 1, 2026-07-14 19:22:52, 2026-07-14 19:22:52
<==        Row: 54, 山东玉米糁, 粮食, 山东潍坊, 2kg/袋, 16, 306, BATCH-G-012, null, 山东潍坊山东玉米糁，全程溯源可查，品质保障。, AA, 0, 1, 2026-07-14 19:22:52, 2026-07-14 19:22:52
<==        Row: 55, 陕西榆林荞麦, 粮食, 陕西榆林, 2kg/袋, 24, 404, BATCH-G-013, null, 陕西榆林陕西榆林荞麦，全程溯源可查，品质保障。, AA, 0, 1, 2026-07-14 19:22:52, 2026-07-14 19:22:52
<==        Row: 56, 东北有机黄豆, 粮食, 黑龙江黑河, 2.5kg/袋, 28, 315, BATCH-G-014, null, 黑龙江黑河东北有机黄豆，全程溯源可查，品质保障。, AA, 0, 1, 2026-07-14 19:22:52, 2026-07-14 19:22:52
<==        Row: 57, 内蒙古绿豆, 粮食, 内蒙古通辽, 2kg/袋, 22, 671, BATCH-G-015, null, 内蒙古通辽内蒙古绿豆，全程溯源可查，品质保障。, AA, 0, 1, 2026-07-14 19:22:52, 2026-07-14 19:22:52
<==        Row: 58, 江西宜春红米, 粮食, 江西宜春, 2.5kg/袋, 30, 713, BATCH-G-016, null, 江西宜春江西宜春红米，全程溯源可查，品质保障。, AA, 0, 1, 2026-07-14 19:22:52, 2026-07-14 19:22:52
<==        Row: 59, 贵州黑糯米, 粮食, 贵州黔东南, 2.5kg/袋, 35, 527, BATCH-G-017, null, 贵州黔东南贵州黑糯米，全程溯源可查，品质保障。, AA, 0, 1, 2026-07-14 19:22:52, 2026-07-14 19:22:52
<==        Row: 60, 安徽糯小米, 粮食, 安徽滁州, 2kg/袋, 26, 613, BATCH-G-018, null, 安徽滁州安徽糯小米，全程溯源可查，品质保障。, AA, 0, 1, 2026-07-14 19:22:52, 2026-07-14 19:22:52
<==        Row: 61, 河北莜麦面, 粮食, 河北张家口, 2.5kg/袋, 22, 745, BATCH-G-019, null, 河北张家口河北莜麦面，全程溯源可查，品质保障。, AA, 0, 1, 2026-07-14 19:22:52, 2026-07-14 19:22:52
<==        Row: 62, 新疆鹰嘴豆, 粮食, 新疆木垒, 1kg/袋, 32, 364, BATCH-G-020, null, 新疆木垒新疆鹰嘴豆，全程溯源可查，品质保障。, AA, 0, 1, 2026-07-14 19:22:52, 2026-07-14 19:22:52
<==        Row: 63, 西藏青稞米, 粮食, 西藏日喀则, 2kg/袋, 48, 270, BATCH-G-021, null, 西藏日喀则西藏青稞米，全程溯源可查，品质保障。, AA, 0, 1, 2026-07-14 19:22:52, 2026-07-14 19:22:52
<==        Row: 64, 安溪铁观音（有机）, 茶叶, 福建安溪, 250g/罐, 168, 307, BATCH-T-001, null, 福建安溪安溪铁观音（有机），全程溯源可查，品质保障。, AA, 0, 1, 2026-07-14 19:22:52, 2026-07-14 19:22:52
<==        Row: 65, 西湖龙井, 茶叶, 浙江杭州, 250g/罐, 298, 343, BATCH-T-002, null, 浙江杭州西湖龙井，全程溯源可查，品质保障。, AA, 0, 1, 2026-07-14 19:22:52, 2026-07-14 19:22:52
<==        Row: 66, 云南普洱茶（生）, 茶叶, 云南西双版纳, 357g/饼, 125, 769, BATCH-T-003, null, 云南西双版纳云南普洱茶（生），全程溯源可查，品质保障。, AA, 0, 1, 2026-07-14 19:22:52, 2026-07-14 19:22:52
<==        Row: 67, 云南普洱茶（熟）, 茶叶, 云南临沧, 357g/饼, 138, 587, BATCH-T-004, null, 云南临沧云南普洱茶（熟），全程溯源可查，品质保障。, AA, 0, 1, 2026-07-14 19:22:52, 2026-07-14 19:22:52
<==        Row: 68, 武夷山大红袍, 茶叶, 福建武夷山, 125g/罐, 198, 215, BATCH-T-005, null, 福建武夷山武夷山大红袍，全程溯源可查，品质保障。, AA, 0, 1, 2026-07-14 19:22:52, 2026-07-14 19:22:52
<==        Row: 69, 洞庭碧螺春, 茶叶, 江苏苏州, 250g/罐, 268, 638, BATCH-T-006, null, 江苏苏州洞庭碧螺春，全程溯源可查，品质保障。, AA, 0, 1, 2026-07-14 19:22:52, 2026-07-14 19:22:52
<==        Row: 70, 黄山毛峰, 茶叶, 安徽黄山, 250g/罐, 188, 772, BATCH-T-007, null, 安徽黄山黄山毛峰，全程溯源可查，品质保障。, AA, 0, 1, 2026-07-14 19:22:52, 2026-07-14 19:22:52
<==        Row: 71, 信阳毛尖, 茶叶, 河南信阳, 250g/罐, 158, 486, BATCH-T-008, null, 河南信阳信阳毛尖，全程溯源可查，品质保障。, AA, 0, 1, 2026-07-14 19:22:52, 2026-07-14 19:22:52
<==        Row: 72, 六安瓜片, 茶叶, 安徽六安, 250g/罐, 228, 445, BATCH-T-009, null, 安徽六安六安瓜片，全程溯源可查，品质保障。, AA, 0, 1, 2026-07-14 19:22:52, 2026-07-14 19:22:52
<==        Row: 73, 君山银针, 茶叶, 湖南岳阳, 200g/盒, 268, 295, BATCH-T-010, null, 湖南岳阳君山银针，全程溯源可查，品质保障。, AA, 0, 1, 2026-07-14 19:22:52, 2026-07-14 19:22:52
<==        Row: 74, 福鼎白毫银针, 茶叶, 福建福鼎, 200g/盒, 358, 406, BATCH-T-011, null, 福建福鼎福鼎白毫银针，全程溯源可查，品质保障。, AA, 0, 1, 2026-07-14 19:22:52, 2026-07-14 19:22:52
<==        Row: 75, 安化黑茶, 茶叶, 湖南益阳, 500g/饼, 98, 790, BATCH-T-012, null, 湖南益阳安化黑茶，全程溯源可查，品质保障。, AA, 0, 1, 2026-07-14 19:22:52, 2026-07-14 19:22:52
<==        Row: 76, 祁门红茶, 茶叶, 安徽祁门, 250g/罐, 178, 664, BATCH-T-013, null, 安徽祁门祁门红茶，全程溯源可查，品质保障。, AA, 0, 1, 2026-07-14 19:22:52, 2026-07-14 19:22:52
<==        Row: 77, 正山小种, 茶叶, 福建武夷山, 250g/罐, 198, 456, BATCH-T-014, null, 福建武夷山正山小种，全程溯源可查，品质保障。, AA, 0, 1, 2026-07-14 19:22:52, 2026-07-14 19:22:52
<==        Row: 78, 金骏眉, 茶叶, 福建武夷山, 125g/罐, 388, 355, BATCH-T-015, null, 福建武夷山金骏眉，全程溯源可查，品质保障。, AA, 0, 1, 2026-07-14 19:22:52, 2026-07-14 19:22:52
<==        Row: 79, 四川竹叶青, 茶叶, 四川峨眉山, 200g/盒, 218, 636, BATCH-T-016, null, 四川峨眉山四川竹叶青，全程溯源可查，品质保障。, AA, 0, 1, 2026-07-14 19:22:52, 2026-07-14 19:22:52
<==        Row: 80, 太平猴魁, 茶叶, 安徽黄山, 200g/盒, 248, 294, BATCH-T-017, null, 安徽黄山太平猴魁，全程溯源可查，品质保障。, AA, 0, 1, 2026-07-14 19:22:52, 2026-07-14 19:22:52
<==        Row: 81, 安吉白茶, 茶叶, 浙江安吉, 250g/罐, 198, 765, BATCH-T-018, null, 浙江安吉安吉白茶，全程溯源可查，品质保障。, AA, 0, 1, 2026-07-14 19:22:52, 2026-07-14 19:22:52
<==        Row: 82, 广西六堡茶, 茶叶, 广西梧州, 500g/饼, 108, 264, BATCH-T-019, null, 广西梧州广西六堡茶，全程溯源可查，品质保障。, AA, 0, 1, 2026-07-14 19:22:52, 2026-07-14 19:22:52
<==        Row: 83, 都匀毛尖, 茶叶, 贵州黔南, 250g/罐, 148, 325, BATCH-T-020, null, 贵州黔南都匀毛尖，全程溯源可查，品质保障。, AA, 0, 1, 2026-07-14 19:22:52, 2026-07-14 19:22:52
<==        Row: 84, 台湾冻顶乌龙, 茶叶, 福建漳平, 250g/罐, 228, 670, BATCH-T-021, null, 福建漳平台湾冻顶乌龙，全程溯源可查，品质保障。, AA, 0, 1, 2026-07-14 19:22:52, 2026-07-14 19:22:52
<==        Row: 85, 黑山猪五花肉, 畜禽, 吉林长白山, 500g/盒, 32, 203, BATCH-L-001, null, 吉林长白山黑山猪五花肉，全程溯源可查，品质保障。, AA, 0, 1, 2026-07-14 19:22:52, 2026-07-14 19:22:52
<==        Row: 86, 散养土鸡, 畜禽, 江西泰和, 1只约1.2kg, 68, 633, BATCH-L-002, null, 江西泰和散养土鸡，全程溯源可查，品质保障。, AA, 0, 1, 2026-07-14 19:22:52, 2026-07-14 19:22:52
<==        Row: 87, 生态土鸡蛋, 畜禽, 湖南衡阳, 30枚/盒, 45, 649, BATCH-L-003, null, 湖南衡阳生态土鸡蛋，全程溯源可查，品质保障。, AA, 0, 1, 2026-07-14 19:22:52, 2026-07-14 19:22:52
<==        Row: 88, 宁夏盐池滩羊, 畜禽, 宁夏吴忠, 1kg/盒, 108, 439, BATCH-L-004, null, 宁夏吴忠宁夏盐池滩羊，全程溯源可查，品质保障。, AA, 0, 1, 2026-07-14 19:22:52, 2026-07-14 19:22:52
<==        Row: 89, 内蒙古科尔沁牛, 畜禽, 内蒙古通辽, 1kg/盒, 88, 179, BATCH-L-005, null, 内蒙古通辽内蒙古科尔沁牛，全程溯源可查，品质保障。, AA, 0, 1, 2026-07-14 19:22:52, 2026-07-14 19:22:52
<==        Row: 90, 贵州散养鸭, 畜禽, 贵州六盘水, 1只约1.5kg, 56, 744, BATCH-L-006, null, 贵州六盘水贵州散养鸭，全程溯源可查，品质保障。, AA, 0, 1, 2026-07-14 19:22:52, 2026-07-14 19:22:52
<==        Row: 91, 四川跑山猪排, 畜禽, 四川巴中, 500g/盒, 42, 442, BATCH-L-007, null, 四川巴中四川跑山猪排，全程溯源可查，品质保障。, AA, 0, 1, 2026-07-14 19:22:52, 2026-07-14 19:22:52
<==        Row: 92, 安徽土鸭蛋, 畜禽, 安徽安庆, 20枚/盒, 36, 204, BATCH-L-008, null, 安徽安庆安徽土鸭蛋，全程溯源可查，品质保障。, AA, 0, 1, 2026-07-14 19:22:52, 2026-07-14 19:22:52
<==        Row: 93, 青海牦牛肉, 畜禽, 青海玉树, 1kg/盒, 128, 497, BATCH-L-009, null, 青海玉树青海牦牛肉，全程溯源可查，品质保障。, AA, 0, 1, 2026-07-14 19:22:52, 2026-07-14 19:22:52
<==        Row: 94, 海南文昌鸡, 畜禽, 海南文昌, 1只约1kg, 72, 512, BATCH-L-010, null, 海南文昌海南文昌鸡，全程溯源可查，品质保障。, AA, 0, 1, 2026-07-14 19:22:52, 2026-07-14 19:22:52
<==        Row: 95, 东北笨鹅, 畜禽, 黑龙江绥化, 1只约2kg, 88, 791, BATCH-L-011, null, 黑龙江绥化东北笨鹅，全程溯源可查，品质保障。, AA, 0, 1, 2026-07-14 19:22:52, 2026-07-14 19:22:52
<==        Row: 96, 浙江湖羊, 畜禽, 浙江湖州, 1kg/盒, 98, 210, BATCH-L-012, null, 浙江湖州浙江湖羊，全程溯源可查，品质保障。, AA, 0, 1, 2026-07-14 19:22:52, 2026-07-14 19:22:52
<==        Row: 97, 云南乌骨鸡, 畜禽, 云南楚雄, 1只约1kg, 62, 390, BATCH-L-013, null, 云南楚雄云南乌骨鸡，全程溯源可查，品质保障。, AA, 0, 1, 2026-07-14 19:22:52, 2026-07-14 19:22:52
<==        Row: 98, 山东乳鸽, 畜禽, 山东济南, 2只/盒, 48, 337, BATCH-L-014, null, 山东济南山东乳鸽，全程溯源可查，品质保障。, AA, 0, 1, 2026-07-14 19:22:52, 2026-07-14 19:22:52
<==        Row: 99, 广西巴马香猪, 畜禽, 广西河池, 1kg/盒, 78, 447, BATCH-L-015, null, 广西河池广西巴马香猪，全程溯源可查，品质保障。, AA, 0, 1, 2026-07-14 19:22:52, 2026-07-14 19:22:52
<==        Row: 100, 西藏藏香猪, 畜禽, 西藏林芝, 1kg/盒, 158, 489, BATCH-L-016, null, 西藏林芝西藏藏香猪，全程溯源可查，品质保障。, AA, 0, 1, 2026-07-14 19:22:52, 2026-07-14 19:22:52
<==        Row: 101, 高邮咸鸭蛋, 畜禽, 江苏高邮, 20枚/盒, 42, 279, BATCH-L-017, null, 江苏高邮高邮咸鸭蛋，全程溯源可查，品质保障。, AA, 0, 1, 2026-07-14 19:22:52, 2026-07-14 19:22:52
<==        Row: 102, 福建河田鸡, 畜禽, 福建龙岩, 1只约1.2kg, 65, 285, BATCH-L-018, null, 福建龙岩福建河田鸡，全程溯源可查，品质保障。, AA, 0, 1, 2026-07-14 19:22:52, 2026-07-14 19:22:52
<==        Row: 103, 陕西秦川牛肉, 畜禽, 陕西宝鸡, 1kg/盒, 82, 150, BATCH-L-019, null, 陕西宝鸡陕西秦川牛肉，全程溯源可查，品质保障。, AA, 0, 1, 2026-07-14 19:22:52, 2026-07-14 19:22:52
<==        Row: 104, 湖北洪湖鸭, 畜禽, 湖北洪湖, 1只约1.5kg, 52, 498, BATCH-L-020, null, 湖北洪湖湖北洪湖鸭，全程溯源可查，品质保障。, AA, 0, 1, 2026-07-14 19:22:52, 2026-07-14 19:22:52
<==        Row: 105, 广东清远鸡, 畜禽, 广东清远, 1只约1.2kg, 58, 301, BATCH-L-021, null, 广东清远广东清远鸡，全程溯源可查，品质保障。, AA, 0, 1, 2026-07-14 19:22:52, 2026-07-14 19:22:52
<==      Total: 105
Closing non transactional SqlSession [org.apache.ibatis.session.defaults.DefaultSqlSession@77da316]
2026-07-15 10:32:09.183  INFO 28452 --- [nio-8080-exec-5] c.agri.trace.agent.MainCoordinatorAgent  : 工具 product_recommend 调用成功
Creating a new SqlSession
SqlSession [org.apache.ibatis.session.defaults.DefaultSqlSession@2c525311] was not registered for synchronization because synchronization is not active
JDBC Connection [HikariProxyConnection@375974445 wrapping org.sqlite.jdbc4.JDBC4Connection@7d3e8655] will not be managed by Spring
==>  Preparing: SELECT id,title,content,category,source,upload_time FROM knowledge_doc
==> Parameters: 
<==    Columns: id, title, content, category, source, upload_time
<==        Row: 1, GB 2763-2021 食品中农药最大残留限量, GB 2763-2021规定了食品中农药的最大残留限量。水果类：毒死蜱≤0.05mg/kg，多菌灵≤0.10mg/kg。蔬菜类：毒死蜱≤0.05mg/kg。粮食类：毒死蜱≤0.05mg/kg。茶叶类：联苯菊酯≤0.01mg/kg。, 法规, null, 2026-07-14 11:22:35
<==        Row: 2, GB 14881-2013 食品生产通用卫生规范, GB 14881规定了食品生产过程中原料采购、加工、包装、贮存和运输等环节的卫生要求。, 法规, null, 2026-07-14 11:22:35
<==      Total: 2
Closing non transactional SqlSession [org.apache.ibatis.session.defaults.DefaultSqlSession@2c525311]
Creating a new SqlSession
SqlSession [org.apache.ibatis.session.defaults.DefaultSqlSession@17803402] was not registered for synchronization because synchronization is not active
JDBC Connection [HikariProxyConnection@566336726 wrapping org.sqlite.jdbc4.JDBC4Connection@7d3e8655] will not be managed by Spring
==>  Preparing: SELECT id,name,category,origin,spec,price,stock,batch_no,image_url,description,trace_level,deleted,status,create_time,update_time FROM product WHERE deleted=0
==> Parameters: 
<==    Columns: id, name, category, origin, spec, price, stock, batch_no, image_url, description, trace_level, deleted, status, create_time, update_time
<==        Row: 1, 山东红富士苹果, 水果, 山东烟台, 5kg/箱, 49.9, 1000, BATCH-F-001, null, 山东烟台红富士苹果，色泽红润，口感脆甜。, AAA, 0, 1, 2026-07-14T19:22:34.990, 2026-07-14 11:22:34
<==        Row: 2, 五常有机大米, 粮食, 黑龙江五常, 10kg/袋, 89.9, 500, BATCH-G-001, null, 黑龙江五常有机稻花香大米。, AA, 0, 1, 2026-07-14T19:22:35.018, 2026-07-14 11:22:35
<==        Row: 3, 新疆库尔勒香梨, 水果, 新疆库尔勒, 4kg/箱, 39.9, 601, BATCH-F-002, null, 新疆库尔勒新疆库尔勒香梨，全程溯源可查，品质保障。, AA, 0, 1, 2026-07-14 19:22:52, 2026-07-14 19:22:52
<==        Row: 4, 四川爱媛果冻橙, 水果, 四川眉山, 5kg/箱, 45, 685, BATCH-F-003, null, 四川眉山四川爱媛果冻橙，全程溯源可查，品质保障。, AA, 0, 1, 2026-07-14 19:22:52, 2026-07-14 19:22:52
<==        Row: 5, 广西武鸣沃柑, 水果, 广西武鸣, 5kg/箱, 35.9, 752, BATCH-F-004, null, 广西武鸣广西武鸣沃柑，全程溯源可查，品质保障。, AA, 0, 1, 2026-07-14 19:22:52, 2026-07-14 19:22:52
<==        Row: 6, 海南金钻凤梨, 水果, 海南海口, 2个/盒, 29.9, 800, BATCH-F-005, null, 海南海口海南金钻凤梨，全程溯源可查，品质保障。, AA, 0, 1, 2026-07-14 19:22:52, 2026-07-14 19:22:52
<==        Row: 7, 云南冰糖橙, 水果, 云南玉溪, 5kg/箱, 38, 598, BATCH-F-006, null, 云南玉溪云南冰糖橙，全程溯源可查，品质保障。, AA, 0, 1, 2026-07-14 19:22:52, 2026-07-14 19:22:52
<==        Row: 8, 陕西洛川苹果, 水果, 陕西延安, 5kg/箱, 42, 613, BATCH-F-007, null, 陕西延安陕西洛川苹果，全程溯源可查，品质保障。, AA, 0, 1, 2026-07-14T19:22:52, 2026-07-14T19:22:52
<==        Row: 9, 浙江仙居杨梅, 水果, 浙江台州, 3kg/箱, 68, 150, BATCH-F-008, null, 浙江台州浙江仙居杨梅，全程溯源可查，品质保障。, AA, 0, 1, 2026-07-14 19:22:52, 2026-07-14 19:22:52
<==        Row: 10, 广东桂味荔枝, 水果, 广东茂名, 3kg/箱, 55, 537, BATCH-F-009, null, 广东茂名广东桂味荔枝，全程溯源可查，品质保障。, AA, 0, 1, 2026-07-14 19:22:52, 2026-07-14 19:22:52
<==        Row: 11, 福建平和蜜柚, 水果, 福建漳州, 2个/袋, 25.9, 756, BATCH-F-010, null, 福建漳州福建平和蜜柚，全程溯源可查，品质保障。, AA, 0, 1, 2026-07-14 19:22:52, 2026-07-14 19:22:52
<==        Row: 12, 新疆哈密瓜, 水果, 新疆吐鲁番, 1个/箱, 32, 371, BATCH-F-011, null, 新疆吐鲁番新疆哈密瓜，全程溯源可查，品质保障。, AA, 0, 1, 2026-07-14 19:22:52, 2026-07-14 19:22:52
<==        Row: 13, 辽宁巨峰葡萄, 水果, 辽宁大连, 2.5kg/箱, 48, 643, BATCH-F-012, null, 辽宁大连辽宁巨峰葡萄，全程溯源可查，品质保障。, AA, 0, 1, 2026-07-14 19:22:52, 2026-07-14 19:22:52
<==        Row: 14, 河北赵县雪梨, 水果, 河北赵县, 5kg/箱, 28, 705, BATCH-F-013, null, 河北赵县河北赵县雪梨，全程溯源可查，品质保障。, AA, 0, 1, 2026-07-14 19:22:52, 2026-07-14 19:22:52
<==        Row: 15, 江西赣南脐橙, 水果, 江西赣州, 5kg/箱, 42, 398, BATCH-F-014, null, 江西赣州江西赣南脐橙，全程溯源可查，品质保障。, AA, 0, 1, 2026-07-14 19:22:52, 2026-07-14 19:22:52
<==        Row: 16, 甘肃花牛苹果, 水果, 甘肃天水, 5kg/箱, 36, 700, BATCH-F-015, null, 甘肃天水甘肃花牛苹果，全程溯源可查，品质保障。, AA, 0, 1, 2026-07-14 19:22:52, 2026-07-14 19:22:52
<==        Row: 17, 广西百香果, 水果, 广西玉林, 2.5kg/箱, 33, 653, BATCH-F-016, null, 广西玉林广西百香果，全程溯源可查，品质保障。, AA, 0, 1, 2026-07-14 19:22:52, 2026-07-14 19:22:52
<==        Row: 18, 海南三亚芒果, 水果, 海南三亚, 3kg/箱, 45, 663, BATCH-F-017, null, 海南三亚海南三亚芒果，全程溯源可查，品质保障。, AA, 0, 1, 2026-07-14 19:22:52, 2026-07-14 19:22:52
<==        Row: 19, 山东大樱桃, 水果, 山东烟台, 2kg/箱, 78, 504, BATCH-F-018, null, 山东烟台山东大樱桃，全程溯源可查，品质保障。, AA, 0, 1, 2026-07-14 19:22:52, 2026-07-14 19:22:52
<==        Row: 20, 福建东魁杨梅, 水果, 福建龙海, 2.5kg/箱, 58, 339, BATCH-F-019, null, 福建龙海福建东魁杨梅，全程溯源可查，品质保障。, AA, 0, 1, 2026-07-14 19:22:52, 2026-07-14 19:22:52
<==        Row: 21, 云南澄江蓝莓, 水果, 云南澄江, 12盒/箱, 88, 451, BATCH-F-020, null, 云南澄江云南澄江蓝莓，全程溯源可查，品质保障。, AA, 0, 1, 2026-07-14 19:22:52, 2026-07-14 19:22:52
<==        Row: 22, 海南凤梨释迦, 水果, 海南乐东, 2个/盒, 69, 546, BATCH-F-021, null, 海南乐东海南凤梨释迦，全程溯源可查，品质保障。, AA, 0, 1, 2026-07-14 19:22:52, 2026-07-14 19:22:52
<==        Row: 23, 云南有机蔬菜礼盒, 蔬菜, 云南昆明, 3kg/盒, 68, 740, BATCH-V-001, null, 云南昆明云南有机蔬菜礼盒，全程溯源可查，品质保障。, AA, 0, 1, 2026-07-14 19:22:52, 2026-07-14 19:22:52
<==        Row: 24, 山东章丘大葱, 蔬菜, 山东济南, 2kg/把, 12.9, 158, BATCH-V-002, null, 山东济南山东章丘大葱，全程溯源可查，品质保障。, AA, 0, 1, 2026-07-14 19:22:52, 2026-07-14 19:22:52
<==        Row: 25, 河南铁棍山药, 蔬菜, 河南焦作, 2kg/箱, 28, 334, BATCH-V-003, null, 河南焦作河南铁棍山药，全程溯源可查，品质保障。, AA, 0, 1, 2026-07-14 19:22:52, 2026-07-14 19:22:52
<==        Row: 26, 寿光新鲜黄瓜, 蔬菜, 山东潍坊, 1.5kg/袋, 9.9, 669, BATCH-V-004, null, 山东潍坊寿光新鲜黄瓜，全程溯源可查，品质保障。, AA, 0, 1, 2026-07-14 19:22:52, 2026-07-14 19:22:52
<==        Row: 27, 甘肃兰州百合, 蔬菜, 甘肃兰州, 500g/袋, 35, 599, BATCH-V-005, null, 甘肃兰州甘肃兰州百合，全程溯源可查，品质保障。, AA, 0, 1, 2026-07-14 19:22:52, 2026-07-14 19:22:52
<==        Row: 28, 福建古田鲜银耳, 蔬菜, 福建宁德, 300g/袋, 22, 631, BATCH-V-006, null, 福建宁德福建古田鲜银耳，全程溯源可查，品质保障。, AA, 0, 1, 2026-07-14 19:22:52, 2026-07-14 19:22:52
<==        Row: 29, 四川儿菜, 蔬菜, 四川成都, 2kg/袋, 13, 254, BATCH-V-007, null, 四川成都四川儿菜，全程溯源可查，品质保障。, AA, 0, 1, 2026-07-14 19:22:52, 2026-07-14 19:22:52
<==        Row: 30, 东北黑木耳, 蔬菜, 黑龙江牡丹江, 250g/袋, 32, 487, BATCH-V-008, null, 黑龙江牡丹江东北黑木耳，全程溯源可查，品质保障。, AA, 0, 1, 2026-07-14 19:22:52, 2026-07-14 19:22:52
<==        Row: 31, 云南香格里拉松茸, 蔬菜, 云南香格里拉, 500g/盒, 168, 532, BATCH-V-009, null, 云南香格里拉云南香格里拉松茸，全程溯源可查，品质保障。, AA, 0, 1, 2026-07-14 19:22:52, 2026-07-14 19:22:52
<==        Row: 32, 湖南洞庭湖莲藕, 蔬菜, 湖南洞庭湖, 2.5kg/袋, 15, 341, BATCH-V-010, null, 湖南洞庭湖湖南洞庭湖莲藕，全程溯源可查，品质保障。, AA, 0, 1, 2026-07-14 19:22:52, 2026-07-14 19:22:52
<==        Row: 33, 海南有机番茄, 蔬菜, 海南三亚, 2kg/袋, 14.9, 741, BATCH-V-011, null, 海南三亚海南有机番茄，全程溯源可查，品质保障。, AA, 0, 1, 2026-07-14 19:22:52, 2026-07-14 19:22:52
<==        Row: 34, 山东紫甘蓝, 蔬菜, 山东临沂, 1个/袋, 6.5, 714, BATCH-V-012, null, 山东临沂山东紫甘蓝，全程溯源可查，品质保障。, AA, 0, 1, 2026-07-14 19:22:52, 2026-07-14 19:22:52
<==        Row: 35, 云南甜玉米, 蔬菜, 云南西双版纳, 5根/袋, 15, 494, BATCH-V-013, null, 云南西双版纳云南甜玉米，全程溯源可查，品质保障。, AA, 0, 1, 2026-07-14 19:22:52, 2026-07-14 19:22:52
<==        Row: 36, 河北平泉香菇, 蔬菜, 河北承德, 500g/盒, 18, 492, BATCH-V-014, null, 河北承德河北平泉香菇，全程溯源可查，品质保障。, AA, 0, 1, 2026-07-14 19:22:52, 2026-07-14 19:22:52
<==        Row: 37, 浙江杭州雷笋, 蔬菜, 浙江杭州, 1.5kg/袋, 22, 419, BATCH-V-015, null, 浙江杭州浙江杭州雷笋，全程溯源可查，品质保障。, AA, 0, 1, 2026-07-14 19:22:52, 2026-07-14 19:22:52
<==        Row: 38, 广东菜心, 蔬菜, 广东清远, 500g/把, 6, 727, BATCH-V-016, null, 广东清远广东菜心，全程溯源可查，品质保障。, AA, 0, 1, 2026-07-14 19:22:52, 2026-07-14 19:22:52
<==        Row: 39, 宁夏菜心, 蔬菜, 宁夏银川, 500g/把, 7.5, 660, BATCH-V-017, null, 宁夏银川宁夏菜心，全程溯源可查，品质保障。, AA, 0, 1, 2026-07-14 19:22:52, 2026-07-14 19:22:52
<==        Row: 40, 江苏徐州芦笋, 蔬菜, 江苏徐州, 500g/盒, 19, 685, BATCH-V-018, null, 江苏徐州江苏徐州芦笋，全程溯源可查，品质保障。, AA, 0, 1, 2026-07-14 19:22:52, 2026-07-14 19:22:52
<==        Row: 41, 山东有机土豆, 蔬菜, 山东滕州, 2.5kg/袋, 11, 554, BATCH-V-019, null, 山东滕州山东有机土豆，全程溯源可查，品质保障。, AA, 0, 1, 2026-07-14 19:22:52, 2026-07-14 19:22:52
<==        Row: 42, 湖南红菜苔, 蔬菜, 湖南长沙, 500g/把, 8, 117, BATCH-V-020, null, 湖南长沙湖南红菜苔，全程溯源可查，品质保障。, AA, 0, 1, 2026-07-14 19:22:52, 2026-07-14 19:22:52
<==        Row: 43, 福建姬松茸, 蔬菜, 福建古田, 300g/盒, 42, 790, BATCH-V-021, null, 福建古田福建姬松茸，全程溯源可查，品质保障。, AA, 0, 1, 2026-07-14 19:22:52, 2026-07-14 19:22:52
<==        Row: 44, 黑龙江珍珠米, 粮食, 黑龙江佳木斯, 10kg/袋, 55, 357, BATCH-G-002, null, 黑龙江佳木斯黑龙江珍珠米，全程溯源可查，品质保障。, AA, 0, 1, 2026-07-14 19:22:52, 2026-07-14 19:22:52
<==        Row: 45, 吉林小町米, 粮食, 吉林长春, 10kg/袋, 62, 180, BATCH-G-003, null, 吉林长春吉林小町米，全程溯源可查，品质保障。, AA, 0, 1, 2026-07-14 19:22:52, 2026-07-14 19:22:52
<==        Row: 46, 辽宁盘锦大米, 粮食, 辽宁盘锦, 10kg/袋, 58, 789, BATCH-G-004, null, 辽宁盘锦辽宁盘锦大米，全程溯源可查，品质保障。, AA, 0, 1, 2026-07-14 19:22:52, 2026-07-14 19:22:52
<==        Row: 47, 山西沁州黄小米, 粮食, 山西长治, 2.5kg/袋, 32, 345, BATCH-G-005, null, 山西长治山西沁州黄小米，全程溯源可查，品质保障。, AA, 0, 1, 2026-07-14 19:22:52, 2026-07-14 19:22:52
<==        Row: 48, 内蒙古燕麦米, 粮食, 内蒙古赤峰, 2kg/袋, 28, 224, BATCH-G-006, null, 内蒙古赤峰内蒙古燕麦米，全程溯源可查，品质保障。, AA, 0, 1, 2026-07-14 19:22:52, 2026-07-14 19:22:52
<==        Row: 49, 河北张家口藜麦, 粮食, 河北张北, 1kg/袋, 35, 340, BATCH-G-007, null, 河北张北河北张家口藜麦，全程溯源可查，品质保障。, AA, 0, 1, 2026-07-14 19:22:52, 2026-07-14 19:22:52
<==        Row: 50, 云南红河紫米, 粮食, 云南红河, 2kg/袋, 38, 682, BATCH-G-008, null, 云南红河云南红河紫米，全程溯源可查，品质保障。, AA, 0, 1, 2026-07-14 19:22:52, 2026-07-14 19:22:52
<==        Row: 51, 山东济宁黑米, 粮食, 山东济宁, 2.5kg/袋, 22, 442, BATCH-G-009, null, 山东济宁山东济宁黑米，全程溯源可查，品质保障。, AA, 0, 1, 2026-07-14 19:22:52, 2026-07-14 19:22:52
<==        Row: 52, 河南周口面粉, 粮食, 河南周口, 5kg/袋, 25, 587, BATCH-G-010, null, 河南周口河南周口面粉，全程溯源可查，品质保障。, AA, 0, 1, 2026-07-14 19:22:52, 2026-07-14 19:22:52
<==        Row: 53, 湖南湘西富硒米, 粮食, 湖南湘西, 5kg/袋, 45, 375, BATCH-G-011, null, 湖南湘西湖南湘西富硒米，全程溯源可查，品质保障。, AA, 0, 1, 2026-07-14 19:22:52, 2026-07-14 19:22:52
<==        Row: 54, 山东玉米糁, 粮食, 山东潍坊, 2kg/袋, 16, 306, BATCH-G-012, null, 山东潍坊山东玉米糁，全程溯源可查，品质保障。, AA, 0, 1, 2026-07-14 19:22:52, 2026-07-14 19:22:52
<==        Row: 55, 陕西榆林荞麦, 粮食, 陕西榆林, 2kg/袋, 24, 404, BATCH-G-013, null, 陕西榆林陕西榆林荞麦，全程溯源可查，品质保障。, AA, 0, 1, 2026-07-14 19:22:52, 2026-07-14 19:22:52
<==        Row: 56, 东北有机黄豆, 粮食, 黑龙江黑河, 2.5kg/袋, 28, 315, BATCH-G-014, null, 黑龙江黑河东北有机黄豆，全程溯源可查，品质保障。, AA, 0, 1, 2026-07-14 19:22:52, 2026-07-14 19:22:52
<==        Row: 57, 内蒙古绿豆, 粮食, 内蒙古通辽, 2kg/袋, 22, 671, BATCH-G-015, null, 内蒙古通辽内蒙古绿豆，全程溯源可查，品质保障。, AA, 0, 1, 2026-07-14 19:22:52, 2026-07-14 19:22:52
<==        Row: 58, 江西宜春红米, 粮食, 江西宜春, 2.5kg/袋, 30, 713, BATCH-G-016, null, 江西宜春江西宜春红米，全程溯源可查，品质保障。, AA, 0, 1, 2026-07-14 19:22:52, 2026-07-14 19:22:52
<==        Row: 59, 贵州黑糯米, 粮食, 贵州黔东南, 2.5kg/袋, 35, 527, BATCH-G-017, null, 贵州黔东南贵州黑糯米，全程溯源可查，品质保障。, AA, 0, 1, 2026-07-14 19:22:52, 2026-07-14 19:22:52
<==        Row: 60, 安徽糯小米, 粮食, 安徽滁州, 2kg/袋, 26, 613, BATCH-G-018, null, 安徽滁州安徽糯小米，全程溯源可查，品质保障。, AA, 0, 1, 2026-07-14 19:22:52, 2026-07-14 19:22:52
<==        Row: 61, 河北莜麦面, 粮食, 河北张家口, 2.5kg/袋, 22, 745, BATCH-G-019, null, 河北张家口河北莜麦面，全程溯源可查，品质保障。, AA, 0, 1, 2026-07-14 19:22:52, 2026-07-14 19:22:52
<==        Row: 62, 新疆鹰嘴豆, 粮食, 新疆木垒, 1kg/袋, 32, 364, BATCH-G-020, null, 新疆木垒新疆鹰嘴豆，全程溯源可查，品质保障。, AA, 0, 1, 2026-07-14 19:22:52, 2026-07-14 19:22:52
<==        Row: 63, 西藏青稞米, 粮食, 西藏日喀则, 2kg/袋, 48, 270, BATCH-G-021, null, 西藏日喀则西藏青稞米，全程溯源可查，品质保障。, AA, 0, 1, 2026-07-14 19:22:52, 2026-07-14 19:22:52
<==        Row: 64, 安溪铁观音（有机）, 茶叶, 福建安溪, 250g/罐, 168, 307, BATCH-T-001, null, 福建安溪安溪铁观音（有机），全程溯源可查，品质保障。, AA, 0, 1, 2026-07-14 19:22:52, 2026-07-14 19:22:52
<==        Row: 65, 西湖龙井, 茶叶, 浙江杭州, 250g/罐, 298, 343, BATCH-T-002, null, 浙江杭州西湖龙井，全程溯源可查，品质保障。, AA, 0, 1, 2026-07-14 19:22:52, 2026-07-14 19:22:52
<==        Row: 66, 云南普洱茶（生）, 茶叶, 云南西双版纳, 357g/饼, 125, 769, BATCH-T-003, null, 云南西双版纳云南普洱茶（生），全程溯源可查，品质保障。, AA, 0, 1, 2026-07-14 19:22:52, 2026-07-14 19:22:52
<==        Row: 67, 云南普洱茶（熟）, 茶叶, 云南临沧, 357g/饼, 138, 587, BATCH-T-004, null, 云南临沧云南普洱茶（熟），全程溯源可查，品质保障。, AA, 0, 1, 2026-07-14 19:22:52, 2026-07-14 19:22:52
<==        Row: 68, 武夷山大红袍, 茶叶, 福建武夷山, 125g/罐, 198, 215, BATCH-T-005, null, 福建武夷山武夷山大红袍，全程溯源可查，品质保障。, AA, 0, 1, 2026-07-14 19:22:52, 2026-07-14 19:22:52
<==        Row: 69, 洞庭碧螺春, 茶叶, 江苏苏州, 250g/罐, 268, 638, BATCH-T-006, null, 江苏苏州洞庭碧螺春，全程溯源可查，品质保障。, AA, 0, 1, 2026-07-14 19:22:52, 2026-07-14 19:22:52
<==        Row: 70, 黄山毛峰, 茶叶, 安徽黄山, 250g/罐, 188, 772, BATCH-T-007, null, 安徽黄山黄山毛峰，全程溯源可查，品质保障。, AA, 0, 1, 2026-07-14 19:22:52, 2026-07-14 19:22:52
<==        Row: 71, 信阳毛尖, 茶叶, 河南信阳, 250g/罐, 158, 486, BATCH-T-008, null, 河南信阳信阳毛尖，全程溯源可查，品质保障。, AA, 0, 1, 2026-07-14 19:22:52, 2026-07-14 19:22:52
<==        Row: 72, 六安瓜片, 茶叶, 安徽六安, 250g/罐, 228, 445, BATCH-T-009, null, 安徽六安六安瓜片，全程溯源可查，品质保障。, AA, 0, 1, 2026-07-14 19:22:52, 2026-07-14 19:22:52
<==        Row: 73, 君山银针, 茶叶, 湖南岳阳, 200g/盒, 268, 295, BATCH-T-010, null, 湖南岳阳君山银针，全程溯源可查，品质保障。, AA, 0, 1, 2026-07-14 19:22:52, 2026-07-14 19:22:52
<==        Row: 74, 福鼎白毫银针, 茶叶, 福建福鼎, 200g/盒, 358, 406, BATCH-T-011, null, 福建福鼎福鼎白毫银针，全程溯源可查，品质保障。, AA, 0, 1, 2026-07-14 19:22:52, 2026-07-14 19:22:52
<==        Row: 75, 安化黑茶, 茶叶, 湖南益阳, 500g/饼, 98, 790, BATCH-T-012, null, 湖南益阳安化黑茶，全程溯源可查，品质保障。, AA, 0, 1, 2026-07-14 19:22:52, 2026-07-14 19:22:52
<==        Row: 76, 祁门红茶, 茶叶, 安徽祁门, 250g/罐, 178, 664, BATCH-T-013, null, 安徽祁门祁门红茶，全程溯源可查，品质保障。, AA, 0, 1, 2026-07-14 19:22:52, 2026-07-14 19:22:52
<==        Row: 77, 正山小种, 茶叶, 福建武夷山, 250g/罐, 198, 456, BATCH-T-014, null, 福建武夷山正山小种，全程溯源可查，品质保障。, AA, 0, 1, 2026-07-14 19:22:52, 2026-07-14 19:22:52
<==        Row: 78, 金骏眉, 茶叶, 福建武夷山, 125g/罐, 388, 355, BATCH-T-015, null, 福建武夷山金骏眉，全程溯源可查，品质保障。, AA, 0, 1, 2026-07-14 19:22:52, 2026-07-14 19:22:52
<==        Row: 79, 四川竹叶青, 茶叶, 四川峨眉山, 200g/盒, 218, 636, BATCH-T-016, null, 四川峨眉山四川竹叶青，全程溯源可查，品质保障。, AA, 0, 1, 2026-07-14 19:22:52, 2026-07-14 19:22:52
<==        Row: 80, 太平猴魁, 茶叶, 安徽黄山, 200g/盒, 248, 294, BATCH-T-017, null, 安徽黄山太平猴魁，全程溯源可查，品质保障。, AA, 0, 1, 2026-07-14 19:22:52, 2026-07-14 19:22:52
<==        Row: 81, 安吉白茶, 茶叶, 浙江安吉, 250g/罐, 198, 765, BATCH-T-018, null, 浙江安吉安吉白茶，全程溯源可查，品质保障。, AA, 0, 1, 2026-07-14 19:22:52, 2026-07-14 19:22:52
<==        Row: 82, 广西六堡茶, 茶叶, 广西梧州, 500g/饼, 108, 264, BATCH-T-019, null, 广西梧州广西六堡茶，全程溯源可查，品质保障。, AA, 0, 1, 2026-07-14 19:22:52, 2026-07-14 19:22:52
<==        Row: 83, 都匀毛尖, 茶叶, 贵州黔南, 250g/罐, 148, 325, BATCH-T-020, null, 贵州黔南都匀毛尖，全程溯源可查，品质保障。, AA, 0, 1, 2026-07-14 19:22:52, 2026-07-14 19:22:52
<==        Row: 84, 台湾冻顶乌龙, 茶叶, 福建漳平, 250g/罐, 228, 670, BATCH-T-021, null, 福建漳平台湾冻顶乌龙，全程溯源可查，品质保障。, AA, 0, 1, 2026-07-14 19:22:52, 2026-07-14 19:22:52
<==        Row: 85, 黑山猪五花肉, 畜禽, 吉林长白山, 500g/盒, 32, 203, BATCH-L-001, null, 吉林长白山黑山猪五花肉，全程溯源可查，品质保障。, AA, 0, 1, 2026-07-14 19:22:52, 2026-07-14 19:22:52
<==        Row: 86, 散养土鸡, 畜禽, 江西泰和, 1只约1.2kg, 68, 633, BATCH-L-002, null, 江西泰和散养土鸡，全程溯源可查，品质保障。, AA, 0, 1, 2026-07-14 19:22:52, 2026-07-14 19:22:52
<==        Row: 87, 生态土鸡蛋, 畜禽, 湖南衡阳, 30枚/盒, 45, 649, BATCH-L-003, null, 湖南衡阳生态土鸡蛋，全程溯源可查，品质保障。, AA, 0, 1, 2026-07-14 19:22:52, 2026-07-14 19:22:52
<==        Row: 88, 宁夏盐池滩羊, 畜禽, 宁夏吴忠, 1kg/盒, 108, 439, BATCH-L-004, null, 宁夏吴忠宁夏盐池滩羊，全程溯源可查，品质保障。, AA, 0, 1, 2026-07-14 19:22:52, 2026-07-14 19:22:52
<==        Row: 89, 内蒙古科尔沁牛, 畜禽, 内蒙古通辽, 1kg/盒, 88, 179, BATCH-L-005, null, 内蒙古通辽内蒙古科尔沁牛，全程溯源可查，品质保障。, AA, 0, 1, 2026-07-14 19:22:52, 2026-07-14 19:22:52
<==        Row: 90, 贵州散养鸭, 畜禽, 贵州六盘水, 1只约1.5kg, 56, 744, BATCH-L-006, null, 贵州六盘水贵州散养鸭，全程溯源可查，品质保障。, AA, 0, 1, 2026-07-14 19:22:52, 2026-07-14 19:22:52
<==        Row: 91, 四川跑山猪排, 畜禽, 四川巴中, 500g/盒, 42, 442, BATCH-L-007, null, 四川巴中四川跑山猪排，全程溯源可查，品质保障。, AA, 0, 1, 2026-07-14 19:22:52, 2026-07-14 19:22:52
<==        Row: 92, 安徽土鸭蛋, 畜禽, 安徽安庆, 20枚/盒, 36, 204, BATCH-L-008, null, 安徽安庆安徽土鸭蛋，全程溯源可查，品质保障。, AA, 0, 1, 2026-07-14 19:22:52, 2026-07-14 19:22:52
<==        Row: 93, 青海牦牛肉, 畜禽, 青海玉树, 1kg/盒, 128, 497, BATCH-L-009, null, 青海玉树青海牦牛肉，全程溯源可查，品质保障。, AA, 0, 1, 2026-07-14 19:22:52, 2026-07-14 19:22:52
<==        Row: 94, 海南文昌鸡, 畜禽, 海南文昌, 1只约1kg, 72, 512, BATCH-L-010, null, 海南文昌海南文昌鸡，全程溯源可查，品质保障。, AA, 0, 1, 2026-07-14 19:22:52, 2026-07-14 19:22:52
<==        Row: 95, 东北笨鹅, 畜禽, 黑龙江绥化, 1只约2kg, 88, 791, BATCH-L-011, null, 黑龙江绥化东北笨鹅，全程溯源可查，品质保障。, AA, 0, 1, 2026-07-14 19:22:52, 2026-07-14 19:22:52
<==        Row: 96, 浙江湖羊, 畜禽, 浙江湖州, 1kg/盒, 98, 210, BATCH-L-012, null, 浙江湖州浙江湖羊，全程溯源可查，品质保障。, AA, 0, 1, 2026-07-14 19:22:52, 2026-07-14 19:22:52
<==        Row: 97, 云南乌骨鸡, 畜禽, 云南楚雄, 1只约1kg, 62, 390, BATCH-L-013, null, 云南楚雄云南乌骨鸡，全程溯源可查，品质保障。, AA, 0, 1, 2026-07-14 19:22:52, 2026-07-14 19:22:52
<==        Row: 98, 山东乳鸽, 畜禽, 山东济南, 2只/盒, 48, 337, BATCH-L-014, null, 山东济南山东乳鸽，全程溯源可查，品质保障。, AA, 0, 1, 2026-07-14 19:22:52, 2026-07-14 19:22:52
<==        Row: 99, 广西巴马香猪, 畜禽, 广西河池, 1kg/盒, 78, 447, BATCH-L-015, null, 广西河池广西巴马香猪，全程溯源可查，品质保障。, AA, 0, 1, 2026-07-14 19:22:52, 2026-07-14 19:22:52
<==        Row: 100, 西藏藏香猪, 畜禽, 西藏林芝, 1kg/盒, 158, 489, BATCH-L-016, null, 西藏林芝西藏藏香猪，全程溯源可查，品质保障。, AA, 0, 1, 2026-07-14 19:22:52, 2026-07-14 19:22:52
<==        Row: 101, 高邮咸鸭蛋, 畜禽, 江苏高邮, 20枚/盒, 42, 279, BATCH-L-017, null, 江苏高邮高邮咸鸭蛋，全程溯源可查，品质保障。, AA, 0, 1, 2026-07-14 19:22:52, 2026-07-14 19:22:52
<==        Row: 102, 福建河田鸡, 畜禽, 福建龙岩, 1只约1.2kg, 65, 285, BATCH-L-018, null, 福建龙岩福建河田鸡，全程溯源可查，品质保障。, AA, 0, 1, 2026-07-14 19:22:52, 2026-07-14 19:22:52
<==        Row: 103, 陕西秦川牛肉, 畜禽, 陕西宝鸡, 1kg/盒, 82, 150, BATCH-L-019, null, 陕西宝鸡陕西秦川牛肉，全程溯源可查，品质保障。, AA, 0, 1, 2026-07-14 19:22:52, 2026-07-14 19:22:52
<==        Row: 104, 湖北洪湖鸭, 畜禽, 湖北洪湖, 1只约1.5kg, 52, 498, BATCH-L-020, null, 湖北洪湖湖北洪湖鸭，全程溯源可查，品质保障。, AA, 0, 1, 2026-07-14 19:22:52, 2026-07-14 19:22:52
<==        Row: 105, 广东清远鸡, 畜禽, 广东清远, 1只约1.2kg, 58, 301, BATCH-L-021, null, 广东清远广东清远鸡，全程溯源可查，品质保障。, AA, 0, 1, 2026-07-14 19:22:52, 2026-07-14 19:22:52
<==      Total: 105
Closing non transactional SqlSession [org.apache.ibatis.session.defaults.DefaultSqlSession@17803402]
2026-07-15 10:32:09.239  INFO 28452 --- [nio-8080-exec-5] c.agri.trace.agent.MainCoordinatorAgent  : API Key 有效，使用在线模式（provider=openai, key前缀=sk-or-v1-26d8d5...）
2026-07-15 10:32:09.246  INFO 28452 --- [nio-8080-exec-5] com.agri.trace.agent.LlmService          : 调用 LLM API: provider=openai, model=deepseek/deepseek-chat, url=https://openrouter.ai/api/v1/chat/completions
2026-07-15 10:32:19.985  INFO 28452 --- [nio-8080-exec-5] c.agri.trace.agent.MainCoordinatorAgent  : LLM 在线回答完成
Creating a new SqlSession
SqlSession [org.apache.ibatis.session.defaults.DefaultSqlSession@5c3841a6] was not registered for synchronization because synchronization is not active
JDBC Connection [HikariProxyConnection@533304874 wrapping org.sqlite.jdbc4.JDBC4Connection@7d3e8655] will not be managed by Spring
==>  Preparing: INSERT INTO agent_dialog ( session_id, question, answer, tool_calls, create_time ) VALUES ( ?, ?, ?, ?, ? )
==> Parameters: 9c203775756445609e95caf81a530d34(String), ??(String), 您好！我是农产品溯源与食品安全助手「农源AI」，可以为您提供以下专业服务：

1. 农产品全链路溯源查询（种植/养殖、加工、检测、物流）
2. 农残检测报告解析与合规判断
3. 农产品产地环境与种植方式查询
4. 食品安全标准咨询
5. 优质农产品推荐

当前平台共有105种可溯源农产品，涵盖茶叶、蔬菜、水果、粮食、畜禽五大类，所有商品均达到AA级及以上溯源标准。

请问您想了解：
- 具体商品的溯源信息？
- 某类农产品的推荐？
- 食品安全相关咨询？
- 其他农产品相关问题？

（您也可以直接告诉我您感兴趣的农产品名称或品类，我会为您详细介绍）(String), general_chat(String), 2026-07-15T10:32:19.989(LocalDateTime)
<==    Updates: 1
Closing non transactional SqlSession [org.apache.ibatis.session.defaults.DefaultSqlSession@5c3841a6]
Creating a new SqlSession
SqlSession [org.apache.ibatis.session.defaults.DefaultSqlSession@16553e0c] was not registered for synchronization because synchronization is not active
JDBC Connection [HikariProxyConnection@1398252194 wrapping org.sqlite.jdbc4.JDBC4Connection@7d3e8655] will not be managed by Spring
==>  Preparing: SELECT * FROM batch WHERE batch_no = ?
==> Parameters: BATCH-F-001(String)
<==    Columns: id, batch_no, product_id, produce_date, harvest_date, quantity, farm_address, farm_area, soil_type, create_time
<==        Row: 1, BATCH-F-001, 1, 2026-03-15, 2026-06-20, 5000, 山东省烟台市栖霞市蛇窝泊镇, 50亩, 棕壤土, 2026-07-14T19:22:34.996
<==      Total: 1
Closing non transactional SqlSession [org.apache.ibatis.session.defaults.DefaultSqlSession@16553e0c]
Creating a new SqlSession
SqlSession [org.apache.ibatis.session.defaults.DefaultSqlSession@62ce515c] was not registered for synchronization because synchronization is not active
JDBC Connection [HikariProxyConnection@863526381 wrapping org.sqlite.jdbc4.JDBC4Connection@7d3e8655] will not be managed by Spring
==>  Preparing: SELECT * FROM trace_record WHERE batch_id = ? ORDER BY record_time ASC
==> Parameters: 1(Long)
<==    Columns: id, batch_id, record_type, record_time, operator, content, detail, attachment, create_time
<==        Row: 1, 1, 种植, 2026-03-15, null, 完成苹果树春季修剪与施肥, null, null, 2026-07-14T19:22:35.001
<==        Row: 2, 1, 施肥, 2026-04-10, null, 施用有机肥500kg, null, null, 2026-07-14T19:22:35.005
<==        Row: 3, 1, 采收, 2026-06-20, null, 人工采摘分拣, null, null, 2026-07-14T19:22:35.008
<==      Total: 3
Closing non transactional SqlSession [org.apache.ibatis.session.defaults.DefaultSqlSession@62ce515c]
Creating a new SqlSession
SqlSession [org.apache.ibatis.session.defaults.DefaultSqlSession@43068105] was not registered for synchronization because synchronization is not active
JDBC Connection [HikariProxyConnection@1143364795 wrapping org.sqlite.jdbc4.JDBC4Connection@7d3e8655] will not be managed by Spring
==>  Preparing: SELECT * FROM pesticide_report WHERE batch_id = ?
==> Parameters: 1(Long)
<==    Columns: id, batch_id, report_no, test_date, test_organization, item_name, result, standard_limit, unit, is_compliant, create_time
<==        Row: 1, 1, REP-1784028155011, 2026-07-14, 农业农村部农产品质检中心, 毒死蜱, 0.01, 0.05, mg/kg, 1, 2026-07-14T19:22:35.011
<==        Row: 2, 1, REP-1784028155015, 2026-07-14, 农业农村部农产品质检中心, 多菌灵, 0.02, 0.10, mg/kg, 1, 2026-07-14T19:22:35.015
<==      Total: 2
Closing non transactional SqlSession [org.apache.ibatis.session.defaults.DefaultSqlSession@43068105]
2026-07-15 10:32:20.048  INFO 28452 --- [nio-8080-exec-6] c.agri.trace.agent.MainCoordinatorAgent  : 工具 trace_query 调用成功
Creating a new SqlSession
SqlSession [org.apache.ibatis.session.defaults.DefaultSqlSession@a693423] was not registered for synchronization because synchronization is not active
JDBC Connection [HikariProxyConnection@1067714139 wrapping org.sqlite.jdbc4.JDBC4Connection@7d3e8655] will not be managed by Spring
==>  Preparing: SELECT * FROM batch WHERE batch_no = ?
==> Parameters: BATCH-F-001(String)
<==    Columns: id, batch_no, product_id, produce_date, harvest_date, quantity, farm_address, farm_area, soil_type, create_time
<==        Row: 1, BATCH-F-001, 1, 2026-03-15, 2026-06-20, 5000, 山东省烟台市栖霞市蛇窝泊镇, 50亩, 棕壤土, 2026-07-14T19:22:34.996
<==      Total: 1
Closing non transactional SqlSession [org.apache.ibatis.session.defaults.DefaultSqlSession@a693423]
Creating a new SqlSession
SqlSession [org.apache.ibatis.session.defaults.DefaultSqlSession@24e774c4] was not registered for synchronization because synchronization is not active
JDBC Connection [HikariProxyConnection@604350800 wrapping org.sqlite.jdbc4.JDBC4Connection@7d3e8655] will not be managed by Spring
==>  Preparing: SELECT * FROM pesticide_report WHERE batch_id = ?
==> Parameters: 1(Long)
<==    Columns: id, batch_id, report_no, test_date, test_organization, item_name, result, standard_limit, unit, is_compliant, create_time
<==        Row: 1, 1, REP-1784028155011, 2026-07-14, 农业农村部农产品质检中心, 毒死蜱, 0.01, 0.05, mg/kg, 1, 2026-07-14T19:22:35.011
<==        Row: 2, 1, REP-1784028155015, 2026-07-14, 农业农村部农产品质检中心, 多菌灵, 0.02, 0.10, mg/kg, 1, 2026-07-14T19:22:35.015
<==      Total: 2
Closing non transactional SqlSession [org.apache.ibatis.session.defaults.DefaultSqlSession@24e774c4]
2026-07-15 10:32:20.057  INFO 28452 --- [nio-8080-exec-6] c.agri.trace.agent.MainCoordinatorAgent  : 工具 pesticide_analyze 调用成功
Creating a new SqlSession
SqlSession [org.apache.ibatis.session.defaults.DefaultSqlSession@678e59df] was not registered for synchronization because synchronization is not active
JDBC Connection [HikariProxyConnection@2013728171 wrapping org.sqlite.jdbc4.JDBC4Connection@7d3e8655] will not be managed by Spring
==>  Preparing: SELECT id,title,content,category,source,upload_time FROM knowledge_doc
==> Parameters: 
<==    Columns: id, title, content, category, source, upload_time
<==        Row: 1, GB 2763-2021 食品中农药最大残留限量, GB 2763-2021规定了食品中农药的最大残留限量。水果类：毒死蜱≤0.05mg/kg，多菌灵≤0.10mg/kg。蔬菜类：毒死蜱≤0.05mg/kg。粮食类：毒死蜱≤0.05mg/kg。茶叶类：联苯菊酯≤0.01mg/kg。, 法规, null, 2026-07-14 11:22:35
<==        Row: 2, GB 14881-2013 食品生产通用卫生规范, GB 14881规定了食品生产过程中原料采购、加工、包装、贮存和运输等环节的卫生要求。, 法规, null, 2026-07-14 11:22:35
<==      Total: 2
Closing non transactional SqlSession [org.apache.ibatis.session.defaults.DefaultSqlSession@678e59df]
Creating a new SqlSession
SqlSession [org.apache.ibatis.session.defaults.DefaultSqlSession@67d9073b] was not registered for synchronization because synchronization is not active
JDBC Connection [HikariProxyConnection@1847553465 wrapping org.sqlite.jdbc4.JDBC4Connection@7d3e8655] will not be managed by Spring
==>  Preparing: SELECT id,name,category,origin,spec,price,stock,batch_no,image_url,description,trace_level,deleted,status,create_time,update_time FROM product WHERE deleted=0
==> Parameters: 
<==    Columns: id, name, category, origin, spec, price, stock, batch_no, image_url, description, trace_level, deleted, status, create_time, update_time
<==        Row: 1, 山东红富士苹果, 水果, 山东烟台, 5kg/箱, 49.9, 1000, BATCH-F-001, null, 山东烟台红富士苹果，色泽红润，口感脆甜。, AAA, 0, 1, 2026-07-14T19:22:34.990, 2026-07-14 11:22:34
<==        Row: 2, 五常有机大米, 粮食, 黑龙江五常, 10kg/袋, 89.9, 500, BATCH-G-001, null, 黑龙江五常有机稻花香大米。, AA, 0, 1, 2026-07-14T19:22:35.018, 2026-07-14 11:22:35
<==        Row: 3, 新疆库尔勒香梨, 水果, 新疆库尔勒, 4kg/箱, 39.9, 601, BATCH-F-002, null, 新疆库尔勒新疆库尔勒香梨，全程溯源可查，品质保障。, AA, 0, 1, 2026-07-14 19:22:52, 2026-07-14 19:22:52
<==        Row: 4, 四川爱媛果冻橙, 水果, 四川眉山, 5kg/箱, 45, 685, BATCH-F-003, null, 四川眉山四川爱媛果冻橙，全程溯源可查，品质保障。, AA, 0, 1, 2026-07-14 19:22:52, 2026-07-14 19:22:52
<==        Row: 5, 广西武鸣沃柑, 水果, 广西武鸣, 5kg/箱, 35.9, 752, BATCH-F-004, null, 广西武鸣广西武鸣沃柑，全程溯源可查，品质保障。, AA, 0, 1, 2026-07-14 19:22:52, 2026-07-14 19:22:52
<==        Row: 6, 海南金钻凤梨, 水果, 海南海口, 2个/盒, 29.9, 800, BATCH-F-005, null, 海南海口海南金钻凤梨，全程溯源可查，品质保障。, AA, 0, 1, 2026-07-14 19:22:52, 2026-07-14 19:22:52
<==        Row: 7, 云南冰糖橙, 水果, 云南玉溪, 5kg/箱, 38, 598, BATCH-F-006, null, 云南玉溪云南冰糖橙，全程溯源可查，品质保障。, AA, 0, 1, 2026-07-14 19:22:52, 2026-07-14 19:22:52
<==        Row: 8, 陕西洛川苹果, 水果, 陕西延安, 5kg/箱, 42, 613, BATCH-F-007, null, 陕西延安陕西洛川苹果，全程溯源可查，品质保障。, AA, 0, 1, 2026-07-14T19:22:52, 2026-07-14T19:22:52
<==        Row: 9, 浙江仙居杨梅, 水果, 浙江台州, 3kg/箱, 68, 150, BATCH-F-008, null, 浙江台州浙江仙居杨梅，全程溯源可查，品质保障。, AA, 0, 1, 2026-07-14 19:22:52, 2026-07-14 19:22:52
<==        Row: 10, 广东桂味荔枝, 水果, 广东茂名, 3kg/箱, 55, 537, BATCH-F-009, null, 广东茂名广东桂味荔枝，全程溯源可查，品质保障。, AA, 0, 1, 2026-07-14 19:22:52, 2026-07-14 19:22:52
<==        Row: 11, 福建平和蜜柚, 水果, 福建漳州, 2个/袋, 25.9, 756, BATCH-F-010, null, 福建漳州福建平和蜜柚，全程溯源可查，品质保障。, AA, 0, 1, 2026-07-14 19:22:52, 2026-07-14 19:22:52
<==        Row: 12, 新疆哈密瓜, 水果, 新疆吐鲁番, 1个/箱, 32, 371, BATCH-F-011, null, 新疆吐鲁番新疆哈密瓜，全程溯源可查，品质保障。, AA, 0, 1, 2026-07-14 19:22:52, 2026-07-14 19:22:52
<==        Row: 13, 辽宁巨峰葡萄, 水果, 辽宁大连, 2.5kg/箱, 48, 643, BATCH-F-012, null, 辽宁大连辽宁巨峰葡萄，全程溯源可查，品质保障。, AA, 0, 1, 2026-07-14 19:22:52, 2026-07-14 19:22:52
<==        Row: 14, 河北赵县雪梨, 水果, 河北赵县, 5kg/箱, 28, 705, BATCH-F-013, null, 河北赵县河北赵县雪梨，全程溯源可查，品质保障。, AA, 0, 1, 2026-07-14 19:22:52, 2026-07-14 19:22:52
<==        Row: 15, 江西赣南脐橙, 水果, 江西赣州, 5kg/箱, 42, 398, BATCH-F-014, null, 江西赣州江西赣南脐橙，全程溯源可查，品质保障。, AA, 0, 1, 2026-07-14 19:22:52, 2026-07-14 19:22:52
<==        Row: 16, 甘肃花牛苹果, 水果, 甘肃天水, 5kg/箱, 36, 700, BATCH-F-015, null, 甘肃天水甘肃花牛苹果，全程溯源可查，品质保障。, AA, 0, 1, 2026-07-14 19:22:52, 2026-07-14 19:22:52
<==        Row: 17, 广西百香果, 水果, 广西玉林, 2.5kg/箱, 33, 653, BATCH-F-016, null, 广西玉林广西百香果，全程溯源可查，品质保障。, AA, 0, 1, 2026-07-14 19:22:52, 2026-07-14 19:22:52
<==        Row: 18, 海南三亚芒果, 水果, 海南三亚, 3kg/箱, 45, 663, BATCH-F-017, null, 海南三亚海南三亚芒果，全程溯源可查，品质保障。, AA, 0, 1, 2026-07-14 19:22:52, 2026-07-14 19:22:52
<==        Row: 19, 山东大樱桃, 水果, 山东烟台, 2kg/箱, 78, 504, BATCH-F-018, null, 山东烟台山东大樱桃，全程溯源可查，品质保障。, AA, 0, 1, 2026-07-14 19:22:52, 2026-07-14 19:22:52
<==        Row: 20, 福建东魁杨梅, 水果, 福建龙海, 2.5kg/箱, 58, 339, BATCH-F-019, null, 福建龙海福建东魁杨梅，全程溯源可查，品质保障。, AA, 0, 1, 2026-07-14 19:22:52, 2026-07-14 19:22:52
<==        Row: 21, 云南澄江蓝莓, 水果, 云南澄江, 12盒/箱, 88, 451, BATCH-F-020, null, 云南澄江云南澄江蓝莓，全程溯源可查，品质保障。, AA, 0, 1, 2026-07-14 19:22:52, 2026-07-14 19:22:52
<==        Row: 22, 海南凤梨释迦, 水果, 海南乐东, 2个/盒, 69, 546, BATCH-F-021, null, 海南乐东海南凤梨释迦，全程溯源可查，品质保障。, AA, 0, 1, 2026-07-14 19:22:52, 2026-07-14 19:22:52
<==        Row: 23, 云南有机蔬菜礼盒, 蔬菜, 云南昆明, 3kg/盒, 68, 740, BATCH-V-001, null, 云南昆明云南有机蔬菜礼盒，全程溯源可查，品质保障。, AA, 0, 1, 2026-07-14 19:22:52, 2026-07-14 19:22:52
<==        Row: 24, 山东章丘大葱, 蔬菜, 山东济南, 2kg/把, 12.9, 158, BATCH-V-002, null, 山东济南山东章丘大葱，全程溯源可查，品质保障。, AA, 0, 1, 2026-07-14 19:22:52, 2026-07-14 19:22:52
<==        Row: 25, 河南铁棍山药, 蔬菜, 河南焦作, 2kg/箱, 28, 334, BATCH-V-003, null, 河南焦作河南铁棍山药，全程溯源可查，品质保障。, AA, 0, 1, 2026-07-14 19:22:52, 2026-07-14 19:22:52
<==        Row: 26, 寿光新鲜黄瓜, 蔬菜, 山东潍坊, 1.5kg/袋, 9.9, 669, BATCH-V-004, null, 山东潍坊寿光新鲜黄瓜，全程溯源可查，品质保障。, AA, 0, 1, 2026-07-14 19:22:52, 2026-07-14 19:22:52
<==        Row: 27, 甘肃兰州百合, 蔬菜, 甘肃兰州, 500g/袋, 35, 599, BATCH-V-005, null, 甘肃兰州甘肃兰州百合，全程溯源可查，品质保障。, AA, 0, 1, 2026-07-14 19:22:52, 2026-07-14 19:22:52
<==        Row: 28, 福建古田鲜银耳, 蔬菜, 福建宁德, 300g/袋, 22, 631, BATCH-V-006, null, 福建宁德福建古田鲜银耳，全程溯源可查，品质保障。, AA, 0, 1, 2026-07-14 19:22:52, 2026-07-14 19:22:52
<==        Row: 29, 四川儿菜, 蔬菜, 四川成都, 2kg/袋, 13, 254, BATCH-V-007, null, 四川成都四川儿菜，全程溯源可查，品质保障。, AA, 0, 1, 2026-07-14 19:22:52, 2026-07-14 19:22:52
<==        Row: 30, 东北黑木耳, 蔬菜, 黑龙江牡丹江, 250g/袋, 32, 487, BATCH-V-008, null, 黑龙江牡丹江东北黑木耳，全程溯源可查，品质保障。, AA, 0, 1, 2026-07-14 19:22:52, 2026-07-14 19:22:52
<==        Row: 31, 云南香格里拉松茸, 蔬菜, 云南香格里拉, 500g/盒, 168, 532, BATCH-V-009, null, 云南香格里拉云南香格里拉松茸，全程溯源可查，品质保障。, AA, 0, 1, 2026-07-14 19:22:52, 2026-07-14 19:22:52
<==        Row: 32, 湖南洞庭湖莲藕, 蔬菜, 湖南洞庭湖, 2.5kg/袋, 15, 341, BATCH-V-010, null, 湖南洞庭湖湖南洞庭湖莲藕，全程溯源可查，品质保障。, AA, 0, 1, 2026-07-14 19:22:52, 2026-07-14 19:22:52
<==        Row: 33, 海南有机番茄, 蔬菜, 海南三亚, 2kg/袋, 14.9, 741, BATCH-V-011, null, 海南三亚海南有机番茄，全程溯源可查，品质保障。, AA, 0, 1, 2026-07-14 19:22:52, 2026-07-14 19:22:52
<==        Row: 34, 山东紫甘蓝, 蔬菜, 山东临沂, 1个/袋, 6.5, 714, BATCH-V-012, null, 山东临沂山东紫甘蓝，全程溯源可查，品质保障。, AA, 0, 1, 2026-07-14 19:22:52, 2026-07-14 19:22:52
<==        Row: 35, 云南甜玉米, 蔬菜, 云南西双版纳, 5根/袋, 15, 494, BATCH-V-013, null, 云南西双版纳云南甜玉米，全程溯源可查，品质保障。, AA, 0, 1, 2026-07-14 19:22:52, 2026-07-14 19:22:52
<==        Row: 36, 河北平泉香菇, 蔬菜, 河北承德, 500g/盒, 18, 492, BATCH-V-014, null, 河北承德河北平泉香菇，全程溯源可查，品质保障。, AA, 0, 1, 2026-07-14 19:22:52, 2026-07-14 19:22:52
<==        Row: 37, 浙江杭州雷笋, 蔬菜, 浙江杭州, 1.5kg/袋, 22, 419, BATCH-V-015, null, 浙江杭州浙江杭州雷笋，全程溯源可查，品质保障。, AA, 0, 1, 2026-07-14 19:22:52, 2026-07-14 19:22:52
<==        Row: 38, 广东菜心, 蔬菜, 广东清远, 500g/把, 6, 727, BATCH-V-016, null, 广东清远广东菜心，全程溯源可查，品质保障。, AA, 0, 1, 2026-07-14 19:22:52, 2026-07-14 19:22:52
<==        Row: 39, 宁夏菜心, 蔬菜, 宁夏银川, 500g/把, 7.5, 660, BATCH-V-017, null, 宁夏银川宁夏菜心，全程溯源可查，品质保障。, AA, 0, 1, 2026-07-14 19:22:52, 2026-07-14 19:22:52
<==        Row: 40, 江苏徐州芦笋, 蔬菜, 江苏徐州, 500g/盒, 19, 685, BATCH-V-018, null, 江苏徐州江苏徐州芦笋，全程溯源可查，品质保障。, AA, 0, 1, 2026-07-14 19:22:52, 2026-07-14 19:22:52
<==        Row: 41, 山东有机土豆, 蔬菜, 山东滕州, 2.5kg/袋, 11, 554, BATCH-V-019, null, 山东滕州山东有机土豆，全程溯源可查，品质保障。, AA, 0, 1, 2026-07-14 19:22:52, 2026-07-14 19:22:52
<==        Row: 42, 湖南红菜苔, 蔬菜, 湖南长沙, 500g/把, 8, 117, BATCH-V-020, null, 湖南长沙湖南红菜苔，全程溯源可查，品质保障。, AA, 0, 1, 2026-07-14 19:22:52, 2026-07-14 19:22:52
<==        Row: 43, 福建姬松茸, 蔬菜, 福建古田, 300g/盒, 42, 790, BATCH-V-021, null, 福建古田福建姬松茸，全程溯源可查，品质保障。, AA, 0, 1, 2026-07-14 19:22:52, 2026-07-14 19:22:52
<==        Row: 44, 黑龙江珍珠米, 粮食, 黑龙江佳木斯, 10kg/袋, 55, 357, BATCH-G-002, null, 黑龙江佳木斯黑龙江珍珠米，全程溯源可查，品质保障。, AA, 0, 1, 2026-07-14 19:22:52, 2026-07-14 19:22:52
<==        Row: 45, 吉林小町米, 粮食, 吉林长春, 10kg/袋, 62, 180, BATCH-G-003, null, 吉林长春吉林小町米，全程溯源可查，品质保障。, AA, 0, 1, 2026-07-14 19:22:52, 2026-07-14 19:22:52
<==        Row: 46, 辽宁盘锦大米, 粮食, 辽宁盘锦, 10kg/袋, 58, 789, BATCH-G-004, null, 辽宁盘锦辽宁盘锦大米，全程溯源可查，品质保障。, AA, 0, 1, 2026-07-14 19:22:52, 2026-07-14 19:22:52
<==        Row: 47, 山西沁州黄小米, 粮食, 山西长治, 2.5kg/袋, 32, 345, BATCH-G-005, null, 山西长治山西沁州黄小米，全程溯源可查，品质保障。, AA, 0, 1, 2026-07-14 19:22:52, 2026-07-14 19:22:52
<==        Row: 48, 内蒙古燕麦米, 粮食, 内蒙古赤峰, 2kg/袋, 28, 224, BATCH-G-006, null, 内蒙古赤峰内蒙古燕麦米，全程溯源可查，品质保障。, AA, 0, 1, 2026-07-14 19:22:52, 2026-07-14 19:22:52
<==        Row: 49, 河北张家口藜麦, 粮食, 河北张北, 1kg/袋, 35, 340, BATCH-G-007, null, 河北张北河北张家口藜麦，全程溯源可查，品质保障。, AA, 0, 1, 2026-07-14 19:22:52, 2026-07-14 19:22:52
<==        Row: 50, 云南红河紫米, 粮食, 云南红河, 2kg/袋, 38, 682, BATCH-G-008, null, 云南红河云南红河紫米，全程溯源可查，品质保障。, AA, 0, 1, 2026-07-14 19:22:52, 2026-07-14 19:22:52
<==        Row: 51, 山东济宁黑米, 粮食, 山东济宁, 2.5kg/袋, 22, 442, BATCH-G-009, null, 山东济宁山东济宁黑米，全程溯源可查，品质保障。, AA, 0, 1, 2026-07-14 19:22:52, 2026-07-14 19:22:52
<==        Row: 52, 河南周口面粉, 粮食, 河南周口, 5kg/袋, 25, 587, BATCH-G-010, null, 河南周口河南周口面粉，全程溯源可查，品质保障。, AA, 0, 1, 2026-07-14 19:22:52, 2026-07-14 19:22:52
<==        Row: 53, 湖南湘西富硒米, 粮食, 湖南湘西, 5kg/袋, 45, 375, BATCH-G-011, null, 湖南湘西湖南湘西富硒米，全程溯源可查，品质保障。, AA, 0, 1, 2026-07-14 19:22:52, 2026-07-14 19:22:52
<==        Row: 54, 山东玉米糁, 粮食, 山东潍坊, 2kg/袋, 16, 306, BATCH-G-012, null, 山东潍坊山东玉米糁，全程溯源可查，品质保障。, AA, 0, 1, 2026-07-14 19:22:52, 2026-07-14 19:22:52
<==        Row: 55, 陕西榆林荞麦, 粮食, 陕西榆林, 2kg/袋, 24, 404, BATCH-G-013, null, 陕西榆林陕西榆林荞麦，全程溯源可查，品质保障。, AA, 0, 1, 2026-07-14 19:22:52, 2026-07-14 19:22:52
<==        Row: 56, 东北有机黄豆, 粮食, 黑龙江黑河, 2.5kg/袋, 28, 315, BATCH-G-014, null, 黑龙江黑河东北有机黄豆，全程溯源可查，品质保障。, AA, 0, 1, 2026-07-14 19:22:52, 2026-07-14 19:22:52
<==        Row: 57, 内蒙古绿豆, 粮食, 内蒙古通辽, 2kg/袋, 22, 671, BATCH-G-015, null, 内蒙古通辽内蒙古绿豆，全程溯源可查，品质保障。, AA, 0, 1, 2026-07-14 19:22:52, 2026-07-14 19:22:52
<==        Row: 58, 江西宜春红米, 粮食, 江西宜春, 2.5kg/袋, 30, 713, BATCH-G-016, null, 江西宜春江西宜春红米，全程溯源可查，品质保障。, AA, 0, 1, 2026-07-14 19:22:52, 2026-07-14 19:22:52
<==        Row: 59, 贵州黑糯米, 粮食, 贵州黔东南, 2.5kg/袋, 35, 527, BATCH-G-017, null, 贵州黔东南贵州黑糯米，全程溯源可查，品质保障。, AA, 0, 1, 2026-07-14 19:22:52, 2026-07-14 19:22:52
<==        Row: 60, 安徽糯小米, 粮食, 安徽滁州, 2kg/袋, 26, 613, BATCH-G-018, null, 安徽滁州安徽糯小米，全程溯源可查，品质保障。, AA, 0, 1, 2026-07-14 19:22:52, 2026-07-14 19:22:52
<==        Row: 61, 河北莜麦面, 粮食, 河北张家口, 2.5kg/袋, 22, 745, BATCH-G-019, null, 河北张家口河北莜麦面，全程溯源可查，品质保障。, AA, 0, 1, 2026-07-14 19:22:52, 2026-07-14 19:22:52
<==        Row: 62, 新疆鹰嘴豆, 粮食, 新疆木垒, 1kg/袋, 32, 364, BATCH-G-020, null, 新疆木垒新疆鹰嘴豆，全程溯源可查，品质保障。, AA, 0, 1, 2026-07-14 19:22:52, 2026-07-14 19:22:52
<==        Row: 63, 西藏青稞米, 粮食, 西藏日喀则, 2kg/袋, 48, 270, BATCH-G-021, null, 西藏日喀则西藏青稞米，全程溯源可查，品质保障。, AA, 0, 1, 2026-07-14 19:22:52, 2026-07-14 19:22:52
<==        Row: 64, 安溪铁观音（有机）, 茶叶, 福建安溪, 250g/罐, 168, 307, BATCH-T-001, null, 福建安溪安溪铁观音（有机），全程溯源可查，品质保障。, AA, 0, 1, 2026-07-14 19:22:52, 2026-07-14 19:22:52
<==        Row: 65, 西湖龙井, 茶叶, 浙江杭州, 250g/罐, 298, 343, BATCH-T-002, null, 浙江杭州西湖龙井，全程溯源可查，品质保障。, AA, 0, 1, 2026-07-14 19:22:52, 2026-07-14 19:22:52
<==        Row: 66, 云南普洱茶（生）, 茶叶, 云南西双版纳, 357g/饼, 125, 769, BATCH-T-003, null, 云南西双版纳云南普洱茶（生），全程溯源可查，品质保障。, AA, 0, 1, 2026-07-14 19:22:52, 2026-07-14 19:22:52
<==        Row: 67, 云南普洱茶（熟）, 茶叶, 云南临沧, 357g/饼, 138, 587, BATCH-T-004, null, 云南临沧云南普洱茶（熟），全程溯源可查，品质保障。, AA, 0, 1, 2026-07-14 19:22:52, 2026-07-14 19:22:52
<==        Row: 68, 武夷山大红袍, 茶叶, 福建武夷山, 125g/罐, 198, 215, BATCH-T-005, null, 福建武夷山武夷山大红袍，全程溯源可查，品质保障。, AA, 0, 1, 2026-07-14 19:22:52, 2026-07-14 19:22:52
<==        Row: 69, 洞庭碧螺春, 茶叶, 江苏苏州, 250g/罐, 268, 638, BATCH-T-006, null, 江苏苏州洞庭碧螺春，全程溯源可查，品质保障。, AA, 0, 1, 2026-07-14 19:22:52, 2026-07-14 19:22:52
<==        Row: 70, 黄山毛峰, 茶叶, 安徽黄山, 250g/罐, 188, 772, BATCH-T-007, null, 安徽黄山黄山毛峰，全程溯源可查，品质保障。, AA, 0, 1, 2026-07-14 19:22:52, 2026-07-14 19:22:52
<==        Row: 71, 信阳毛尖, 茶叶, 河南信阳, 250g/罐, 158, 486, BATCH-T-008, null, 河南信阳信阳毛尖，全程溯源可查，品质保障。, AA, 0, 1, 2026-07-14 19:22:52, 2026-07-14 19:22:52
<==        Row: 72, 六安瓜片, 茶叶, 安徽六安, 250g/罐, 228, 445, BATCH-T-009, null, 安徽六安六安瓜片，全程溯源可查，品质保障。, AA, 0, 1, 2026-07-14 19:22:52, 2026-07-14 19:22:52
<==        Row: 73, 君山银针, 茶叶, 湖南岳阳, 200g/盒, 268, 295, BATCH-T-010, null, 湖南岳阳君山银针，全程溯源可查，品质保障。, AA, 0, 1, 2026-07-14 19:22:52, 2026-07-14 19:22:52
<==        Row: 74, 福鼎白毫银针, 茶叶, 福建福鼎, 200g/盒, 358, 406, BATCH-T-011, null, 福建福鼎福鼎白毫银针，全程溯源可查，品质保障。, AA, 0, 1, 2026-07-14 19:22:52, 2026-07-14 19:22:52
<==        Row: 75, 安化黑茶, 茶叶, 湖南益阳, 500g/饼, 98, 790, BATCH-T-012, null, 湖南益阳安化黑茶，全程溯源可查，品质保障。, AA, 0, 1, 2026-07-14 19:22:52, 2026-07-14 19:22:52
<==        Row: 76, 祁门红茶, 茶叶, 安徽祁门, 250g/罐, 178, 664, BATCH-T-013, null, 安徽祁门祁门红茶，全程溯源可查，品质保障。, AA, 0, 1, 2026-07-14 19:22:52, 2026-07-14 19:22:52
<==        Row: 77, 正山小种, 茶叶, 福建武夷山, 250g/罐, 198, 456, BATCH-T-014, null, 福建武夷山正山小种，全程溯源可查，品质保障。, AA, 0, 1, 2026-07-14 19:22:52, 2026-07-14 19:22:52
<==        Row: 78, 金骏眉, 茶叶, 福建武夷山, 125g/罐, 388, 355, BATCH-T-015, null, 福建武夷山金骏眉，全程溯源可查，品质保障。, AA, 0, 1, 2026-07-14 19:22:52, 2026-07-14 19:22:52
<==        Row: 79, 四川竹叶青, 茶叶, 四川峨眉山, 200g/盒, 218, 636, BATCH-T-016, null, 四川峨眉山四川竹叶青，全程溯源可查，品质保障。, AA, 0, 1, 2026-07-14 19:22:52, 2026-07-14 19:22:52
<==        Row: 80, 太平猴魁, 茶叶, 安徽黄山, 200g/盒, 248, 294, BATCH-T-017, null, 安徽黄山太平猴魁，全程溯源可查，品质保障。, AA, 0, 1, 2026-07-14 19:22:52, 2026-07-14 19:22:52
<==        Row: 81, 安吉白茶, 茶叶, 浙江安吉, 250g/罐, 198, 765, BATCH-T-018, null, 浙江安吉安吉白茶，全程溯源可查，品质保障。, AA, 0, 1, 2026-07-14 19:22:52, 2026-07-14 19:22:52
<==        Row: 82, 广西六堡茶, 茶叶, 广西梧州, 500g/饼, 108, 264, BATCH-T-019, null, 广西梧州广西六堡茶，全程溯源可查，品质保障。, AA, 0, 1, 2026-07-14 19:22:52, 2026-07-14 19:22:52
<==        Row: 83, 都匀毛尖, 茶叶, 贵州黔南, 250g/罐, 148, 325, BATCH-T-020, null, 贵州黔南都匀毛尖，全程溯源可查，品质保障。, AA, 0, 1, 2026-07-14 19:22:52, 2026-07-14 19:22:52
<==        Row: 84, 台湾冻顶乌龙, 茶叶, 福建漳平, 250g/罐, 228, 670, BATCH-T-021, null, 福建漳平台湾冻顶乌龙，全程溯源可查，品质保障。, AA, 0, 1, 2026-07-14 19:22:52, 2026-07-14 19:22:52
<==        Row: 85, 黑山猪五花肉, 畜禽, 吉林长白山, 500g/盒, 32, 203, BATCH-L-001, null, 吉林长白山黑山猪五花肉，全程溯源可查，品质保障。, AA, 0, 1, 2026-07-14 19:22:52, 2026-07-14 19:22:52
<==        Row: 86, 散养土鸡, 畜禽, 江西泰和, 1只约1.2kg, 68, 633, BATCH-L-002, null, 江西泰和散养土鸡，全程溯源可查，品质保障。, AA, 0, 1, 2026-07-14 19:22:52, 2026-07-14 19:22:52
<==        Row: 87, 生态土鸡蛋, 畜禽, 湖南衡阳, 30枚/盒, 45, 649, BATCH-L-003, null, 湖南衡阳生态土鸡蛋，全程溯源可查，品质保障。, AA, 0, 1, 2026-07-14 19:22:52, 2026-07-14 19:22:52
<==        Row: 88, 宁夏盐池滩羊, 畜禽, 宁夏吴忠, 1kg/盒, 108, 439, BATCH-L-004, null, 宁夏吴忠宁夏盐池滩羊，全程溯源可查，品质保障。, AA, 0, 1, 2026-07-14 19:22:52, 2026-07-14 19:22:52
<==        Row: 89, 内蒙古科尔沁牛, 畜禽, 内蒙古通辽, 1kg/盒, 88, 179, BATCH-L-005, null, 内蒙古通辽内蒙古科尔沁牛，全程溯源可查，品质保障。, AA, 0, 1, 2026-07-14 19:22:52, 2026-07-14 19:22:52
<==        Row: 90, 贵州散养鸭, 畜禽, 贵州六盘水, 1只约1.5kg, 56, 744, BATCH-L-006, null, 贵州六盘水贵州散养鸭，全程溯源可查，品质保障。, AA, 0, 1, 2026-07-14 19:22:52, 2026-07-14 19:22:52
<==        Row: 91, 四川跑山猪排, 畜禽, 四川巴中, 500g/盒, 42, 442, BATCH-L-007, null, 四川巴中四川跑山猪排，全程溯源可查，品质保障。, AA, 0, 1, 2026-07-14 19:22:52, 2026-07-14 19:22:52
<==        Row: 92, 安徽土鸭蛋, 畜禽, 安徽安庆, 20枚/盒, 36, 204, BATCH-L-008, null, 安徽安庆安徽土鸭蛋，全程溯源可查，品质保障。, AA, 0, 1, 2026-07-14 19:22:52, 2026-07-14 19:22:52
<==        Row: 93, 青海牦牛肉, 畜禽, 青海玉树, 1kg/盒, 128, 497, BATCH-L-009, null, 青海玉树青海牦牛肉，全程溯源可查，品质保障。, AA, 0, 1, 2026-07-14 19:22:52, 2026-07-14 19:22:52
<==        Row: 94, 海南文昌鸡, 畜禽, 海南文昌, 1只约1kg, 72, 512, BATCH-L-010, null, 海南文昌海南文昌鸡，全程溯源可查，品质保障。, AA, 0, 1, 2026-07-14 19:22:52, 2026-07-14 19:22:52
<==        Row: 95, 东北笨鹅, 畜禽, 黑龙江绥化, 1只约2kg, 88, 791, BATCH-L-011, null, 黑龙江绥化东北笨鹅，全程溯源可查，品质保障。, AA, 0, 1, 2026-07-14 19:22:52, 2026-07-14 19:22:52
<==        Row: 96, 浙江湖羊, 畜禽, 浙江湖州, 1kg/盒, 98, 210, BATCH-L-012, null, 浙江湖州浙江湖羊，全程溯源可查，品质保障。, AA, 0, 1, 2026-07-14 19:22:52, 2026-07-14 19:22:52
<==        Row: 97, 云南乌骨鸡, 畜禽, 云南楚雄, 1只约1kg, 62, 390, BATCH-L-013, null, 云南楚雄云南乌骨鸡，全程溯源可查，品质保障。, AA, 0, 1, 2026-07-14 19:22:52, 2026-07-14 19:22:52
<==        Row: 98, 山东乳鸽, 畜禽, 山东济南, 2只/盒, 48, 337, BATCH-L-014, null, 山东济南山东乳鸽，全程溯源可查，品质保障。, AA, 0, 1, 2026-07-14 19:22:52, 2026-07-14 19:22:52
<==        Row: 99, 广西巴马香猪, 畜禽, 广西河池, 1kg/盒, 78, 447, BATCH-L-015, null, 广西河池广西巴马香猪，全程溯源可查，品质保障。, AA, 0, 1, 2026-07-14 19:22:52, 2026-07-14 19:22:52
<==        Row: 100, 西藏藏香猪, 畜禽, 西藏林芝, 1kg/盒, 158, 489, BATCH-L-016, null, 西藏林芝西藏藏香猪，全程溯源可查，品质保障。, AA, 0, 1, 2026-07-14 19:22:52, 2026-07-14 19:22:52
<==        Row: 101, 高邮咸鸭蛋, 畜禽, 江苏高邮, 20枚/盒, 42, 279, BATCH-L-017, null, 江苏高邮高邮咸鸭蛋，全程溯源可查，品质保障。, AA, 0, 1, 2026-07-14 19:22:52, 2026-07-14 19:22:52
<==        Row: 102, 福建河田鸡, 畜禽, 福建龙岩, 1只约1.2kg, 65, 285, BATCH-L-018, null, 福建龙岩福建河田鸡，全程溯源可查，品质保障。, AA, 0, 1, 2026-07-14 19:22:52, 2026-07-14 19:22:52
<==        Row: 103, 陕西秦川牛肉, 畜禽, 陕西宝鸡, 1kg/盒, 82, 150, BATCH-L-019, null, 陕西宝鸡陕西秦川牛肉，全程溯源可查，品质保障。, AA, 0, 1, 2026-07-14 19:22:52, 2026-07-14 19:22:52
<==        Row: 104, 湖北洪湖鸭, 畜禽, 湖北洪湖, 1只约1.5kg, 52, 498, BATCH-L-020, null, 湖北洪湖湖北洪湖鸭，全程溯源可查，品质保障。, AA, 0, 1, 2026-07-14 19:22:52, 2026-07-14 19:22:52
<==        Row: 105, 广东清远鸡, 畜禽, 广东清远, 1只约1.2kg, 58, 301, BATCH-L-021, null, 广东清远广东清远鸡，全程溯源可查，品质保障。, AA, 0, 1, 2026-07-14 19:22:52, 2026-07-14 19:22:52
<==      Total: 105
Closing non transactional SqlSession [org.apache.ibatis.session.defaults.DefaultSqlSession@67d9073b]
2026-07-15 10:32:20.113  INFO 28452 --- [nio-8080-exec-6] c.agri.trace.agent.MainCoordinatorAgent  : API Key 有效，使用在线模式（provider=openai, key前缀=sk-or-v1-26d8d5...）
2026-07-15 10:32:20.115  INFO 28452 --- [nio-8080-exec-6] com.agri.trace.agent.LlmService          : 调用 LLM API: provider=openai, model=deepseek/deepseek-chat, url=https://openrouter.ai/api/v1/chat/completions
2026-07-15 10:32:29.503  INFO 28452 --- [nio-8080-exec-6] c.agri.trace.agent.MainCoordinatorAgent  : LLM 在线回答完成
Creating a new SqlSession
SqlSession [org.apache.ibatis.session.defaults.DefaultSqlSession@7bca9104] was not registered for synchronization because synchronization is not active
JDBC Connection [HikariProxyConnection@996188547 wrapping org.sqlite.jdbc4.JDBC4Connection@7d3e8655] will not be managed by Spring
==>  Preparing: INSERT INTO agent_dialog ( session_id, question, answer, tool_calls, create_time ) VALUES ( ?, ?, ?, ?, ? )
==> Parameters: 52a85a234a354f1eb375c9c9806c2e9d(String), ????BATCH-F-001?????(String), 您好！关于批次号为 BATCH-F-001 的山东红富士苹果，我已为您查询到以下详细信息：

### 产品基本信息
- **产地**：山东省烟台市栖霞市蛇窝泊镇
- **种植面积**：50亩
- **土壤类型**：棕壤土
- **生产日期**：2026年3月15日
- **采收日期**：2026年6月20日
- **产量**：5000公斤

### 农事记录
1. **种植**：2026年3月15日完成苹果树春季修剪与施肥。
2. **施肥**：2026年4月10日施用有机肥500kg。
3. **采收**：2026年6月20日进行人工采摘分拣。

### 农残检测报告
- **检测标准**：GB 2763-2021 食品中农药最大残留限量
- **检测机构**：农业农村部农产品质检中心
- **检测日期**：2026年7月14日
- **检测结果**：
  - **毒死蜱**：0.01 mg/kg（标准限值：0.05 mg/kg），符合标准。
  - **多菌灵**：0.02 mg/kg（标准限值：0.10 mg/kg），符合标准。
- **总体合规性**：符合国家标准。

### 结论
该批次山东红富士苹果的种植、采收及农残检测均符合国家标准，安全合规。如需进一步了解其他信息，请随时告知！(String), trace_query(String), 2026-07-15T10:32:29.506(LocalDateTime)
<==    Updates: 1
Closing non transactional SqlSession [org.apache.ibatis.session.defaults.DefaultSqlSession@7bca9104]
Creating a new SqlSession
SqlSession [org.apache.ibatis.session.defaults.DefaultSqlSession@1bd1182f] was not registered for synchronization because synchronization is not active
JDBC Connection [HikariProxyConnection@353821989 wrapping org.sqlite.jdbc4.JDBC4Connection@7d3e8655] will not be managed by Spring
==>  Preparing: SELECT id,name,category,origin,spec,price,stock,batch_no,image_url,description,trace_level,deleted,status,create_time,update_time FROM product WHERE deleted=0
==> Parameters: 
<==    Columns: id, name, category, origin, spec, price, stock, batch_no, image_url, description, trace_level, deleted, status, create_time, update_time
<==        Row: 1, 山东红富士苹果, 水果, 山东烟台, 5kg/箱, 49.9, 1000, BATCH-F-001, null, 山东烟台红富士苹果，色泽红润，口感脆甜。, AAA, 0, 1, 2026-07-14T19:22:34.990, 2026-07-14 11:22:34
<==        Row: 2, 五常有机大米, 粮食, 黑龙江五常, 10kg/袋, 89.9, 500, BATCH-G-001, null, 黑龙江五常有机稻花香大米。, AA, 0, 1, 2026-07-14T19:22:35.018, 2026-07-14 11:22:35
<==        Row: 3, 新疆库尔勒香梨, 水果, 新疆库尔勒, 4kg/箱, 39.9, 601, BATCH-F-002, null, 新疆库尔勒新疆库尔勒香梨，全程溯源可查，品质保障。, AA, 0, 1, 2026-07-14 19:22:52, 2026-07-14 19:22:52
<==        Row: 4, 四川爱媛果冻橙, 水果, 四川眉山, 5kg/箱, 45, 685, BATCH-F-003, null, 四川眉山四川爱媛果冻橙，全程溯源可查，品质保障。, AA, 0, 1, 2026-07-14 19:22:52, 2026-07-14 19:22:52
<==        Row: 5, 广西武鸣沃柑, 水果, 广西武鸣, 5kg/箱, 35.9, 752, BATCH-F-004, null, 广西武鸣广西武鸣沃柑，全程溯源可查，品质保障。, AA, 0, 1, 2026-07-14 19:22:52, 2026-07-14 19:22:52
<==        Row: 6, 海南金钻凤梨, 水果, 海南海口, 2个/盒, 29.9, 800, BATCH-F-005, null, 海南海口海南金钻凤梨，全程溯源可查，品质保障。, AA, 0, 1, 2026-07-14 19:22:52, 2026-07-14 19:22:52
<==        Row: 7, 云南冰糖橙, 水果, 云南玉溪, 5kg/箱, 38, 598, BATCH-F-006, null, 云南玉溪云南冰糖橙，全程溯源可查，品质保障。, AA, 0, 1, 2026-07-14 19:22:52, 2026-07-14 19:22:52
<==        Row: 8, 陕西洛川苹果, 水果, 陕西延安, 5kg/箱, 42, 613, BATCH-F-007, null, 陕西延安陕西洛川苹果，全程溯源可查，品质保障。, AA, 0, 1, 2026-07-14T19:22:52, 2026-07-14T19:22:52
<==        Row: 9, 浙江仙居杨梅, 水果, 浙江台州, 3kg/箱, 68, 150, BATCH-F-008, null, 浙江台州浙江仙居杨梅，全程溯源可查，品质保障。, AA, 0, 1, 2026-07-14 19:22:52, 2026-07-14 19:22:52
<==        Row: 10, 广东桂味荔枝, 水果, 广东茂名, 3kg/箱, 55, 537, BATCH-F-009, null, 广东茂名广东桂味荔枝，全程溯源可查，品质保障。, AA, 0, 1, 2026-07-14 19:22:52, 2026-07-14 19:22:52
<==        Row: 11, 福建平和蜜柚, 水果, 福建漳州, 2个/袋, 25.9, 756, BATCH-F-010, null, 福建漳州福建平和蜜柚，全程溯源可查，品质保障。, AA, 0, 1, 2026-07-14 19:22:52, 2026-07-14 19:22:52
<==        Row: 12, 新疆哈密瓜, 水果, 新疆吐鲁番, 1个/箱, 32, 371, BATCH-F-011, null, 新疆吐鲁番新疆哈密瓜，全程溯源可查，品质保障。, AA, 0, 1, 2026-07-14 19:22:52, 2026-07-14 19:22:52
<==        Row: 13, 辽宁巨峰葡萄, 水果, 辽宁大连, 2.5kg/箱, 48, 643, BATCH-F-012, null, 辽宁大连辽宁巨峰葡萄，全程溯源可查，品质保障。, AA, 0, 1, 2026-07-14 19:22:52, 2026-07-14 19:22:52
<==        Row: 14, 河北赵县雪梨, 水果, 河北赵县, 5kg/箱, 28, 705, BATCH-F-013, null, 河北赵县河北赵县雪梨，全程溯源可查，品质保障。, AA, 0, 1, 2026-07-14 19:22:52, 2026-07-14 19:22:52
<==        Row: 15, 江西赣南脐橙, 水果, 江西赣州, 5kg/箱, 42, 398, BATCH-F-014, null, 江西赣州江西赣南脐橙，全程溯源可查，品质保障。, AA, 0, 1, 2026-07-14 19:22:52, 2026-07-14 19:22:52
<==        Row: 16, 甘肃花牛苹果, 水果, 甘肃天水, 5kg/箱, 36, 700, BATCH-F-015, null, 甘肃天水甘肃花牛苹果，全程溯源可查，品质保障。, AA, 0, 1, 2026-07-14 19:22:52, 2026-07-14 19:22:52
<==        Row: 17, 广西百香果, 水果, 广西玉林, 2.5kg/箱, 33, 653, BATCH-F-016, null, 广西玉林广西百香果，全程溯源可查，品质保障。, AA, 0, 1, 2026-07-14 19:22:52, 2026-07-14 19:22:52
<==        Row: 18, 海南三亚芒果, 水果, 海南三亚, 3kg/箱, 45, 663, BATCH-F-017, null, 海南三亚海南三亚芒果，全程溯源可查，品质保障。, AA, 0, 1, 2026-07-14 19:22:52, 2026-07-14 19:22:52
<==        Row: 19, 山东大樱桃, 水果, 山东烟台, 2kg/箱, 78, 504, BATCH-F-018, null, 山东烟台山东大樱桃，全程溯源可查，品质保障。, AA, 0, 1, 2026-07-14 19:22:52, 2026-07-14 19:22:52
<==        Row: 20, 福建东魁杨梅, 水果, 福建龙海, 2.5kg/箱, 58, 339, BATCH-F-019, null, 福建龙海福建东魁杨梅，全程溯源可查，品质保障。, AA, 0, 1, 2026-07-14 19:22:52, 2026-07-14 19:22:52
<==        Row: 21, 云南澄江蓝莓, 水果, 云南澄江, 12盒/箱, 88, 451, BATCH-F-020, null, 云南澄江云南澄江蓝莓，全程溯源可查，品质保障。, AA, 0, 1, 2026-07-14 19:22:52, 2026-07-14 19:22:52
<==        Row: 22, 海南凤梨释迦, 水果, 海南乐东, 2个/盒, 69, 546, BATCH-F-021, null, 海南乐东海南凤梨释迦，全程溯源可查，品质保障。, AA, 0, 1, 2026-07-14 19:22:52, 2026-07-14 19:22:52
<==        Row: 23, 云南有机蔬菜礼盒, 蔬菜, 云南昆明, 3kg/盒, 68, 740, BATCH-V-001, null, 云南昆明云南有机蔬菜礼盒，全程溯源可查，品质保障。, AA, 0, 1, 2026-07-14 19:22:52, 2026-07-14 19:22:52
<==        Row: 24, 山东章丘大葱, 蔬菜, 山东济南, 2kg/把, 12.9, 158, BATCH-V-002, null, 山东济南山东章丘大葱，全程溯源可查，品质保障。, AA, 0, 1, 2026-07-14 19:22:52, 2026-07-14 19:22:52
<==        Row: 25, 河南铁棍山药, 蔬菜, 河南焦作, 2kg/箱, 28, 334, BATCH-V-003, null, 河南焦作河南铁棍山药，全程溯源可查，品质保障。, AA, 0, 1, 2026-07-14 19:22:52, 2026-07-14 19:22:52
<==        Row: 26, 寿光新鲜黄瓜, 蔬菜, 山东潍坊, 1.5kg/袋, 9.9, 669, BATCH-V-004, null, 山东潍坊寿光新鲜黄瓜，全程溯源可查，品质保障。, AA, 0, 1, 2026-07-14 19:22:52, 2026-07-14 19:22:52
<==        Row: 27, 甘肃兰州百合, 蔬菜, 甘肃兰州, 500g/袋, 35, 599, BATCH-V-005, null, 甘肃兰州甘肃兰州百合，全程溯源可查，品质保障。, AA, 0, 1, 2026-07-14 19:22:52, 2026-07-14 19:22:52
<==        Row: 28, 福建古田鲜银耳, 蔬菜, 福建宁德, 300g/袋, 22, 631, BATCH-V-006, null, 福建宁德福建古田鲜银耳，全程溯源可查，品质保障。, AA, 0, 1, 2026-07-14 19:22:52, 2026-07-14 19:22:52
<==        Row: 29, 四川儿菜, 蔬菜, 四川成都, 2kg/袋, 13, 254, BATCH-V-007, null, 四川成都四川儿菜，全程溯源可查，品质保障。, AA, 0, 1, 2026-07-14 19:22:52, 2026-07-14 19:22:52
<==        Row: 30, 东北黑木耳, 蔬菜, 黑龙江牡丹江, 250g/袋, 32, 487, BATCH-V-008, null, 黑龙江牡丹江东北黑木耳，全程溯源可查，品质保障。, AA, 0, 1, 2026-07-14 19:22:52, 2026-07-14 19:22:52
<==        Row: 31, 云南香格里拉松茸, 蔬菜, 云南香格里拉, 500g/盒, 168, 532, BATCH-V-009, null, 云南香格里拉云南香格里拉松茸，全程溯源可查，品质保障。, AA, 0, 1, 2026-07-14 19:22:52, 2026-07-14 19:22:52
<==        Row: 32, 湖南洞庭湖莲藕, 蔬菜, 湖南洞庭湖, 2.5kg/袋, 15, 341, BATCH-V-010, null, 湖南洞庭湖湖南洞庭湖莲藕，全程溯源可查，品质保障。, AA, 0, 1, 2026-07-14 19:22:52, 2026-07-14 19:22:52
<==        Row: 33, 海南有机番茄, 蔬菜, 海南三亚, 2kg/袋, 14.9, 741, BATCH-V-011, null, 海南三亚海南有机番茄，全程溯源可查，品质保障。, AA, 0, 1, 2026-07-14 19:22:52, 2026-07-14 19:22:52
<==        Row: 34, 山东紫甘蓝, 蔬菜, 山东临沂, 1个/袋, 6.5, 714, BATCH-V-012, null, 山东临沂山东紫甘蓝，全程溯源可查，品质保障。, AA, 0, 1, 2026-07-14 19:22:52, 2026-07-14 19:22:52
<==        Row: 35, 云南甜玉米, 蔬菜, 云南西双版纳, 5根/袋, 15, 494, BATCH-V-013, null, 云南西双版纳云南甜玉米，全程溯源可查，品质保障。, AA, 0, 1, 2026-07-14 19:22:52, 2026-07-14 19:22:52
<==        Row: 36, 河北平泉香菇, 蔬菜, 河北承德, 500g/盒, 18, 492, BATCH-V-014, null, 河北承德河北平泉香菇，全程溯源可查，品质保障。, AA, 0, 1, 2026-07-14 19:22:52, 2026-07-14 19:22:52
<==        Row: 37, 浙江杭州雷笋, 蔬菜, 浙江杭州, 1.5kg/袋, 22, 419, BATCH-V-015, null, 浙江杭州浙江杭州雷笋，全程溯源可查，品质保障。, AA, 0, 1, 2026-07-14 19:22:52, 2026-07-14 19:22:52
<==        Row: 38, 广东菜心, 蔬菜, 广东清远, 500g/把, 6, 727, BATCH-V-016, null, 广东清远广东菜心，全程溯源可查，品质保障。, AA, 0, 1, 2026-07-14 19:22:52, 2026-07-14 19:22:52
<==        Row: 39, 宁夏菜心, 蔬菜, 宁夏银川, 500g/把, 7.5, 660, BATCH-V-017, null, 宁夏银川宁夏菜心，全程溯源可查，品质保障。, AA, 0, 1, 2026-07-14 19:22:52, 2026-07-14 19:22:52
<==        Row: 40, 江苏徐州芦笋, 蔬菜, 江苏徐州, 500g/盒, 19, 685, BATCH-V-018, null, 江苏徐州江苏徐州芦笋，全程溯源可查，品质保障。, AA, 0, 1, 2026-07-14 19:22:52, 2026-07-14 19:22:52
<==        Row: 41, 山东有机土豆, 蔬菜, 山东滕州, 2.5kg/袋, 11, 554, BATCH-V-019, null, 山东滕州山东有机土豆，全程溯源可查，品质保障。, AA, 0, 1, 2026-07-14 19:22:52, 2026-07-14 19:22:52
<==        Row: 42, 湖南红菜苔, 蔬菜, 湖南长沙, 500g/把, 8, 117, BATCH-V-020, null, 湖南长沙湖南红菜苔，全程溯源可查，品质保障。, AA, 0, 1, 2026-07-14 19:22:52, 2026-07-14 19:22:52
<==        Row: 43, 福建姬松茸, 蔬菜, 福建古田, 300g/盒, 42, 790, BATCH-V-021, null, 福建古田福建姬松茸，全程溯源可查，品质保障。, AA, 0, 1, 2026-07-14 19:22:52, 2026-07-14 19:22:52
<==        Row: 44, 黑龙江珍珠米, 粮食, 黑龙江佳木斯, 10kg/袋, 55, 357, BATCH-G-002, null, 黑龙江佳木斯黑龙江珍珠米，全程溯源可查，品质保障。, AA, 0, 1, 2026-07-14 19:22:52, 2026-07-14 19:22:52
<==        Row: 45, 吉林小町米, 粮食, 吉林长春, 10kg/袋, 62, 180, BATCH-G-003, null, 吉林长春吉林小町米，全程溯源可查，品质保障。, AA, 0, 1, 2026-07-14 19:22:52, 2026-07-14 19:22:52
<==        Row: 46, 辽宁盘锦大米, 粮食, 辽宁盘锦, 10kg/袋, 58, 789, BATCH-G-004, null, 辽宁盘锦辽宁盘锦大米，全程溯源可查，品质保障。, AA, 0, 1, 2026-07-14 19:22:52, 2026-07-14 19:22:52
<==        Row: 47, 山西沁州黄小米, 粮食, 山西长治, 2.5kg/袋, 32, 345, BATCH-G-005, null, 山西长治山西沁州黄小米，全程溯源可查，品质保障。, AA, 0, 1, 2026-07-14 19:22:52, 2026-07-14 19:22:52
<==        Row: 48, 内蒙古燕麦米, 粮食, 内蒙古赤峰, 2kg/袋, 28, 224, BATCH-G-006, null, 内蒙古赤峰内蒙古燕麦米，全程溯源可查，品质保障。, AA, 0, 1, 2026-07-14 19:22:52, 2026-07-14 19:22:52
<==        Row: 49, 河北张家口藜麦, 粮食, 河北张北, 1kg/袋, 35, 340, BATCH-G-007, null, 河北张北河北张家口藜麦，全程溯源可查，品质保障。, AA, 0, 1, 2026-07-14 19:22:52, 2026-07-14 19:22:52
<==        Row: 50, 云南红河紫米, 粮食, 云南红河, 2kg/袋, 38, 682, BATCH-G-008, null, 云南红河云南红河紫米，全程溯源可查，品质保障。, AA, 0, 1, 2026-07-14 19:22:52, 2026-07-14 19:22:52
<==        Row: 51, 山东济宁黑米, 粮食, 山东济宁, 2.5kg/袋, 22, 442, BATCH-G-009, null, 山东济宁山东济宁黑米，全程溯源可查，品质保障。, AA, 0, 1, 2026-07-14 19:22:52, 2026-07-14 19:22:52
<==        Row: 52, 河南周口面粉, 粮食, 河南周口, 5kg/袋, 25, 587, BATCH-G-010, null, 河南周口河南周口面粉，全程溯源可查，品质保障。, AA, 0, 1, 2026-07-14 19:22:52, 2026-07-14 19:22:52
<==        Row: 53, 湖南湘西富硒米, 粮食, 湖南湘西, 5kg/袋, 45, 375, BATCH-G-011, null, 湖南湘西湖南湘西富硒米，全程溯源可查，品质保障。, AA, 0, 1, 2026-07-14 19:22:52, 2026-07-14 19:22:52
<==        Row: 54, 山东玉米糁, 粮食, 山东潍坊, 2kg/袋, 16, 306, BATCH-G-012, null, 山东潍坊山东玉米糁，全程溯源可查，品质保障。, AA, 0, 1, 2026-07-14 19:22:52, 2026-07-14 19:22:52
<==        Row: 55, 陕西榆林荞麦, 粮食, 陕西榆林, 2kg/袋, 24, 404, BATCH-G-013, null, 陕西榆林陕西榆林荞麦，全程溯源可查，品质保障。, AA, 0, 1, 2026-07-14 19:22:52, 2026-07-14 19:22:52
<==        Row: 56, 东北有机黄豆, 粮食, 黑龙江黑河, 2.5kg/袋, 28, 315, BATCH-G-014, null, 黑龙江黑河东北有机黄豆，全程溯源可查，品质保障。, AA, 0, 1, 2026-07-14 19:22:52, 2026-07-14 19:22:52
<==        Row: 57, 内蒙古绿豆, 粮食, 内蒙古通辽, 2kg/袋, 22, 671, BATCH-G-015, null, 内蒙古通辽内蒙古绿豆，全程溯源可查，品质保障。, AA, 0, 1, 2026-07-14 19:22:52, 2026-07-14 19:22:52
<==        Row: 58, 江西宜春红米, 粮食, 江西宜春, 2.5kg/袋, 30, 713, BATCH-G-016, null, 江西宜春江西宜春红米，全程溯源可查，品质保障。, AA, 0, 1, 2026-07-14 19:22:52, 2026-07-14 19:22:52
<==        Row: 59, 贵州黑糯米, 粮食, 贵州黔东南, 2.5kg/袋, 35, 527, BATCH-G-017, null, 贵州黔东南贵州黑糯米，全程溯源可查，品质保障。, AA, 0, 1, 2026-07-14 19:22:52, 2026-07-14 19:22:52
<==        Row: 60, 安徽糯小米, 粮食, 安徽滁州, 2kg/袋, 26, 613, BATCH-G-018, null, 安徽滁州安徽糯小米，全程溯源可查，品质保障。, AA, 0, 1, 2026-07-14 19:22:52, 2026-07-14 19:22:52
<==        Row: 61, 河北莜麦面, 粮食, 河北张家口, 2.5kg/袋, 22, 745, BATCH-G-019, null, 河北张家口河北莜麦面，全程溯源可查，品质保障。, AA, 0, 1, 2026-07-14 19:22:52, 2026-07-14 19:22:52
<==        Row: 62, 新疆鹰嘴豆, 粮食, 新疆木垒, 1kg/袋, 32, 364, BATCH-G-020, null, 新疆木垒新疆鹰嘴豆，全程溯源可查，品质保障。, AA, 0, 1, 2026-07-14 19:22:52, 2026-07-14 19:22:52
<==        Row: 63, 西藏青稞米, 粮食, 西藏日喀则, 2kg/袋, 48, 270, BATCH-G-021, null, 西藏日喀则西藏青稞米，全程溯源可查，品质保障。, AA, 0, 1, 2026-07-14 19:22:52, 2026-07-14 19:22:52
<==        Row: 64, 安溪铁观音（有机）, 茶叶, 福建安溪, 250g/罐, 168, 307, BATCH-T-001, null, 福建安溪安溪铁观音（有机），全程溯源可查，品质保障。, AA, 0, 1, 2026-07-14 19:22:52, 2026-07-14 19:22:52
<==        Row: 65, 西湖龙井, 茶叶, 浙江杭州, 250g/罐, 298, 343, BATCH-T-002, null, 浙江杭州西湖龙井，全程溯源可查，品质保障。, AA, 0, 1, 2026-07-14 19:22:52, 2026-07-14 19:22:52
<==        Row: 66, 云南普洱茶（生）, 茶叶, 云南西双版纳, 357g/饼, 125, 769, BATCH-T-003, null, 云南西双版纳云南普洱茶（生），全程溯源可查，品质保障。, AA, 0, 1, 2026-07-14 19:22:52, 2026-07-14 19:22:52
<==        Row: 67, 云南普洱茶（熟）, 茶叶, 云南临沧, 357g/饼, 138, 587, BATCH-T-004, null, 云南临沧云南普洱茶（熟），全程溯源可查，品质保障。, AA, 0, 1, 2026-07-14 19:22:52, 2026-07-14 19:22:52
<==        Row: 68, 武夷山大红袍, 茶叶, 福建武夷山, 125g/罐, 198, 215, BATCH-T-005, null, 福建武夷山武夷山大红袍，全程溯源可查，品质保障。, AA, 0, 1, 2026-07-14 19:22:52, 2026-07-14 19:22:52
<==        Row: 69, 洞庭碧螺春, 茶叶, 江苏苏州, 250g/罐, 268, 638, BATCH-T-006, null, 江苏苏州洞庭碧螺春，全程溯源可查，品质保障。, AA, 0, 1, 2026-07-14 19:22:52, 2026-07-14 19:22:52
<==        Row: 70, 黄山毛峰, 茶叶, 安徽黄山, 250g/罐, 188, 772, BATCH-T-007, null, 安徽黄山黄山毛峰，全程溯源可查，品质保障。, AA, 0, 1, 2026-07-14 19:22:52, 2026-07-14 19:22:52
<==        Row: 71, 信阳毛尖, 茶叶, 河南信阳, 250g/罐, 158, 486, BATCH-T-008, null, 河南信阳信阳毛尖，全程溯源可查，品质保障。, AA, 0, 1, 2026-07-14 19:22:52, 2026-07-14 19:22:52
<==        Row: 72, 六安瓜片, 茶叶, 安徽六安, 250g/罐, 228, 445, BATCH-T-009, null, 安徽六安六安瓜片，全程溯源可查，品质保障。, AA, 0, 1, 2026-07-14 19:22:52, 2026-07-14 19:22:52
<==        Row: 73, 君山银针, 茶叶, 湖南岳阳, 200g/盒, 268, 295, BATCH-T-010, null, 湖南岳阳君山银针，全程溯源可查，品质保障。, AA, 0, 1, 2026-07-14 19:22:52, 2026-07-14 19:22:52
<==        Row: 74, 福鼎白毫银针, 茶叶, 福建福鼎, 200g/盒, 358, 406, BATCH-T-011, null, 福建福鼎福鼎白毫银针，全程溯源可查，品质保障。, AA, 0, 1, 2026-07-14 19:22:52, 2026-07-14 19:22:52
<==        Row: 75, 安化黑茶, 茶叶, 湖南益阳, 500g/饼, 98, 790, BATCH-T-012, null, 湖南益阳安化黑茶，全程溯源可查，品质保障。, AA, 0, 1, 2026-07-14 19:22:52, 2026-07-14 19:22:52
<==        Row: 76, 祁门红茶, 茶叶, 安徽祁门, 250g/罐, 178, 664, BATCH-T-013, null, 安徽祁门祁门红茶，全程溯源可查，品质保障。, AA, 0, 1, 2026-07-14 19:22:52, 2026-07-14 19:22:52
<==        Row: 77, 正山小种, 茶叶, 福建武夷山, 250g/罐, 198, 456, BATCH-T-014, null, 福建武夷山正山小种，全程溯源可查，品质保障。, AA, 0, 1, 2026-07-14 19:22:52, 2026-07-14 19:22:52
<==        Row: 78, 金骏眉, 茶叶, 福建武夷山, 125g/罐, 388, 355, BATCH-T-015, null, 福建武夷山金骏眉，全程溯源可查，品质保障。, AA, 0, 1, 2026-07-14 19:22:52, 2026-07-14 19:22:52
<==        Row: 79, 四川竹叶青, 茶叶, 四川峨眉山, 200g/盒, 218, 636, BATCH-T-016, null, 四川峨眉山四川竹叶青，全程溯源可查，品质保障。, AA, 0, 1, 2026-07-14 19:22:52, 2026-07-14 19:22:52
<==        Row: 80, 太平猴魁, 茶叶, 安徽黄山, 200g/盒, 248, 294, BATCH-T-017, null, 安徽黄山太平猴魁，全程溯源可查，品质保障。, AA, 0, 1, 2026-07-14 19:22:52, 2026-07-14 19:22:52
<==        Row: 81, 安吉白茶, 茶叶, 浙江安吉, 250g/罐, 198, 765, BATCH-T-018, null, 浙江安吉安吉白茶，全程溯源可查，品质保障。, AA, 0, 1, 2026-07-14 19:22:52, 2026-07-14 19:22:52
<==        Row: 82, 广西六堡茶, 茶叶, 广西梧州, 500g/饼, 108, 264, BATCH-T-019, null, 广西梧州广西六堡茶，全程溯源可查，品质保障。, AA, 0, 1, 2026-07-14 19:22:52, 2026-07-14 19:22:52
<==        Row: 83, 都匀毛尖, 茶叶, 贵州黔南, 250g/罐, 148, 325, BATCH-T-020, null, 贵州黔南都匀毛尖，全程溯源可查，品质保障。, AA, 0, 1, 2026-07-14 19:22:52, 2026-07-14 19:22:52
<==        Row: 84, 台湾冻顶乌龙, 茶叶, 福建漳平, 250g/罐, 228, 670, BATCH-T-021, null, 福建漳平台湾冻顶乌龙，全程溯源可查，品质保障。, AA, 0, 1, 2026-07-14 19:22:52, 2026-07-14 19:22:52
<==        Row: 85, 黑山猪五花肉, 畜禽, 吉林长白山, 500g/盒, 32, 203, BATCH-L-001, null, 吉林长白山黑山猪五花肉，全程溯源可查，品质保障。, AA, 0, 1, 2026-07-14 19:22:52, 2026-07-14 19:22:52
<==        Row: 86, 散养土鸡, 畜禽, 江西泰和, 1只约1.2kg, 68, 633, BATCH-L-002, null, 江西泰和散养土鸡，全程溯源可查，品质保障。, AA, 0, 1, 2026-07-14 19:22:52, 2026-07-14 19:22:52
<==        Row: 87, 生态土鸡蛋, 畜禽, 湖南衡阳, 30枚/盒, 45, 649, BATCH-L-003, null, 湖南衡阳生态土鸡蛋，全程溯源可查，品质保障。, AA, 0, 1, 2026-07-14 19:22:52, 2026-07-14 19:22:52
<==        Row: 88, 宁夏盐池滩羊, 畜禽, 宁夏吴忠, 1kg/盒, 108, 439, BATCH-L-004, null, 宁夏吴忠宁夏盐池滩羊，全程溯源可查，品质保障。, AA, 0, 1, 2026-07-14 19:22:52, 2026-07-14 19:22:52
<==        Row: 89, 内蒙古科尔沁牛, 畜禽, 内蒙古通辽, 1kg/盒, 88, 179, BATCH-L-005, null, 内蒙古通辽内蒙古科尔沁牛，全程溯源可查，品质保障。, AA, 0, 1, 2026-07-14 19:22:52, 2026-07-14 19:22:52
<==        Row: 90, 贵州散养鸭, 畜禽, 贵州六盘水, 1只约1.5kg, 56, 744, BATCH-L-006, null, 贵州六盘水贵州散养鸭，全程溯源可查，品质保障。, AA, 0, 1, 2026-07-14 19:22:52, 2026-07-14 19:22:52
<==        Row: 91, 四川跑山猪排, 畜禽, 四川巴中, 500g/盒, 42, 442, BATCH-L-007, null, 四川巴中四川跑山猪排，全程溯源可查，品质保障。, AA, 0, 1, 2026-07-14 19:22:52, 2026-07-14 19:22:52
<==        Row: 92, 安徽土鸭蛋, 畜禽, 安徽安庆, 20枚/盒, 36, 204, BATCH-L-008, null, 安徽安庆安徽土鸭蛋，全程溯源可查，品质保障。, AA, 0, 1, 2026-07-14 19:22:52, 2026-07-14 19:22:52
<==        Row: 93, 青海牦牛肉, 畜禽, 青海玉树, 1kg/盒, 128, 497, BATCH-L-009, null, 青海玉树青海牦牛肉，全程溯源可查，品质保障。, AA, 0, 1, 2026-07-14 19:22:52, 2026-07-14 19:22:52
<==        Row: 94, 海南文昌鸡, 畜禽, 海南文昌, 1只约1kg, 72, 512, BATCH-L-010, null, 海南文昌海南文昌鸡，全程溯源可查，品质保障。, AA, 0, 1, 2026-07-14 19:22:52, 2026-07-14 19:22:52
<==        Row: 95, 东北笨鹅, 畜禽, 黑龙江绥化, 1只约2kg, 88, 791, BATCH-L-011, null, 黑龙江绥化东北笨鹅，全程溯源可查，品质保障。, AA, 0, 1, 2026-07-14 19:22:52, 2026-07-14 19:22:52
<==        Row: 96, 浙江湖羊, 畜禽, 浙江湖州, 1kg/盒, 98, 210, BATCH-L-012, null, 浙江湖州浙江湖羊，全程溯源可查，品质保障。, AA, 0, 1, 2026-07-14 19:22:52, 2026-07-14 19:22:52
<==        Row: 97, 云南乌骨鸡, 畜禽, 云南楚雄, 1只约1kg, 62, 390, BATCH-L-013, null, 云南楚雄云南乌骨鸡，全程溯源可查，品质保障。, AA, 0, 1, 2026-07-14 19:22:52, 2026-07-14 19:22:52
<==        Row: 98, 山东乳鸽, 畜禽, 山东济南, 2只/盒, 48, 337, BATCH-L-014, null, 山东济南山东乳鸽，全程溯源可查，品质保障。, AA, 0, 1, 2026-07-14 19:22:52, 2026-07-14 19:22:52
<==        Row: 99, 广西巴马香猪, 畜禽, 广西河池, 1kg/盒, 78, 447, BATCH-L-015, null, 广西河池广西巴马香猪，全程溯源可查，品质保障。, AA, 0, 1, 2026-07-14 19:22:52, 2026-07-14 19:22:52
<==        Row: 100, 西藏藏香猪, 畜禽, 西藏林芝, 1kg/盒, 158, 489, BATCH-L-016, null, 西藏林芝西藏藏香猪，全程溯源可查，品质保障。, AA, 0, 1, 2026-07-14 19:22:52, 2026-07-14 19:22:52
<==        Row: 101, 高邮咸鸭蛋, 畜禽, 江苏高邮, 20枚/盒, 42, 279, BATCH-L-017, null, 江苏高邮高邮咸鸭蛋，全程溯源可查，品质保障。, AA, 0, 1, 2026-07-14 19:22:52, 2026-07-14 19:22:52
<==        Row: 102, 福建河田鸡, 畜禽, 福建龙岩, 1只约1.2kg, 65, 285, BATCH-L-018, null, 福建龙岩福建河田鸡，全程溯源可查，品质保障。, AA, 0, 1, 2026-07-14 19:22:52, 2026-07-14 19:22:52
<==        Row: 103, 陕西秦川牛肉, 畜禽, 陕西宝鸡, 1kg/盒, 82, 150, BATCH-L-019, null, 陕西宝鸡陕西秦川牛肉，全程溯源可查，品质保障。, AA, 0, 1, 2026-07-14 19:22:52, 2026-07-14 19:22:52
<==        Row: 104, 湖北洪湖鸭, 畜禽, 湖北洪湖, 1只约1.5kg, 52, 498, BATCH-L-020, null, 湖北洪湖湖北洪湖鸭，全程溯源可查，品质保障。, AA, 0, 1, 2026-07-14 19:22:52, 2026-07-14 19:22:52
<==        Row: 105, 广东清远鸡, 畜禽, 广东清远, 1只约1.2kg, 58, 301, BATCH-L-021, null, 广东清远广东清远鸡，全程溯源可查，品质保障。, AA, 0, 1, 2026-07-14 19:22:52, 2026-07-14 19:22:52
<==      Total: 105
Closing non transactional SqlSession [org.apache.ibatis.session.defaults.DefaultSqlSession@1bd1182f]
2026-07-15 10:32:29.571  INFO 28452 --- [nio-8080-exec-7] c.agri.trace.agent.MainCoordinatorAgent  : 工具 product_recommend 调用成功
Creating a new SqlSession
SqlSession [org.apache.ibatis.session.defaults.DefaultSqlSession@1129735f] was not registered for synchronization because synchronization is not active
JDBC Connection [HikariProxyConnection@1412165406 wrapping org.sqlite.jdbc4.JDBC4Connection@7d3e8655] will not be managed by Spring
==>  Preparing: SELECT id,title,content,category,source,upload_time FROM knowledge_doc
==> Parameters: 
<==    Columns: id, title, content, category, source, upload_time
<==        Row: 1, GB 2763-2021 食品中农药最大残留限量, GB 2763-2021规定了食品中农药的最大残留限量。水果类：毒死蜱≤0.05mg/kg，多菌灵≤0.10mg/kg。蔬菜类：毒死蜱≤0.05mg/kg。粮食类：毒死蜱≤0.05mg/kg。茶叶类：联苯菊酯≤0.01mg/kg。, 法规, null, 2026-07-14 11:22:35
<==        Row: 2, GB 14881-2013 食品生产通用卫生规范, GB 14881规定了食品生产过程中原料采购、加工、包装、贮存和运输等环节的卫生要求。, 法规, null, 2026-07-14 11:22:35
<==      Total: 2
Closing non transactional SqlSession [org.apache.ibatis.session.defaults.DefaultSqlSession@1129735f]
Creating a new SqlSession
SqlSession [org.apache.ibatis.session.defaults.DefaultSqlSession@47a885d4] was not registered for synchronization because synchronization is not active
JDBC Connection [HikariProxyConnection@1071401899 wrapping org.sqlite.jdbc4.JDBC4Connection@7d3e8655] will not be managed by Spring
==>  Preparing: SELECT id,name,category,origin,spec,price,stock,batch_no,image_url,description,trace_level,deleted,status,create_time,update_time FROM product WHERE deleted=0
==> Parameters: 
<==    Columns: id, name, category, origin, spec, price, stock, batch_no, image_url, description, trace_level, deleted, status, create_time, update_time
<==        Row: 1, 山东红富士苹果, 水果, 山东烟台, 5kg/箱, 49.9, 1000, BATCH-F-001, null, 山东烟台红富士苹果，色泽红润，口感脆甜。, AAA, 0, 1, 2026-07-14T19:22:34.990, 2026-07-14 11:22:34
<==        Row: 2, 五常有机大米, 粮食, 黑龙江五常, 10kg/袋, 89.9, 500, BATCH-G-001, null, 黑龙江五常有机稻花香大米。, AA, 0, 1, 2026-07-14T19:22:35.018, 2026-07-14 11:22:35
<==        Row: 3, 新疆库尔勒香梨, 水果, 新疆库尔勒, 4kg/箱, 39.9, 601, BATCH-F-002, null, 新疆库尔勒新疆库尔勒香梨，全程溯源可查，品质保障。, AA, 0, 1, 2026-07-14 19:22:52, 2026-07-14 19:22:52
<==        Row: 4, 四川爱媛果冻橙, 水果, 四川眉山, 5kg/箱, 45, 685, BATCH-F-003, null, 四川眉山四川爱媛果冻橙，全程溯源可查，品质保障。, AA, 0, 1, 2026-07-14 19:22:52, 2026-07-14 19:22:52
<==        Row: 5, 广西武鸣沃柑, 水果, 广西武鸣, 5kg/箱, 35.9, 752, BATCH-F-004, null, 广西武鸣广西武鸣沃柑，全程溯源可查，品质保障。, AA, 0, 1, 2026-07-14 19:22:52, 2026-07-14 19:22:52
<==        Row: 6, 海南金钻凤梨, 水果, 海南海口, 2个/盒, 29.9, 800, BATCH-F-005, null, 海南海口海南金钻凤梨，全程溯源可查，品质保障。, AA, 0, 1, 2026-07-14 19:22:52, 2026-07-14 19:22:52
<==        Row: 7, 云南冰糖橙, 水果, 云南玉溪, 5kg/箱, 38, 598, BATCH-F-006, null, 云南玉溪云南冰糖橙，全程溯源可查，品质保障。, AA, 0, 1, 2026-07-14 19:22:52, 2026-07-14 19:22:52
<==        Row: 8, 陕西洛川苹果, 水果, 陕西延安, 5kg/箱, 42, 613, BATCH-F-007, null, 陕西延安陕西洛川苹果，全程溯源可查，品质保障。, AA, 0, 1, 2026-07-14T19:22:52, 2026-07-14T19:22:52
<==        Row: 9, 浙江仙居杨梅, 水果, 浙江台州, 3kg/箱, 68, 150, BATCH-F-008, null, 浙江台州浙江仙居杨梅，全程溯源可查，品质保障。, AA, 0, 1, 2026-07-14 19:22:52, 2026-07-14 19:22:52
<==        Row: 10, 广东桂味荔枝, 水果, 广东茂名, 3kg/箱, 55, 537, BATCH-F-009, null, 广东茂名广东桂味荔枝，全程溯源可查，品质保障。, AA, 0, 1, 2026-07-14 19:22:52, 2026-07-14 19:22:52
<==        Row: 11, 福建平和蜜柚, 水果, 福建漳州, 2个/袋, 25.9, 756, BATCH-F-010, null, 福建漳州福建平和蜜柚，全程溯源可查，品质保障。, AA, 0, 1, 2026-07-14 19:22:52, 2026-07-14 19:22:52
<==        Row: 12, 新疆哈密瓜, 水果, 新疆吐鲁番, 1个/箱, 32, 371, BATCH-F-011, null, 新疆吐鲁番新疆哈密瓜，全程溯源可查，品质保障。, AA, 0, 1, 2026-07-14 19:22:52, 2026-07-14 19:22:52
<==        Row: 13, 辽宁巨峰葡萄, 水果, 辽宁大连, 2.5kg/箱, 48, 643, BATCH-F-012, null, 辽宁大连辽宁巨峰葡萄，全程溯源可查，品质保障。, AA, 0, 1, 2026-07-14 19:22:52, 2026-07-14 19:22:52
<==        Row: 14, 河北赵县雪梨, 水果, 河北赵县, 5kg/箱, 28, 705, BATCH-F-013, null, 河北赵县河北赵县雪梨，全程溯源可查，品质保障。, AA, 0, 1, 2026-07-14 19:22:52, 2026-07-14 19:22:52
<==        Row: 15, 江西赣南脐橙, 水果, 江西赣州, 5kg/箱, 42, 398, BATCH-F-014, null, 江西赣州江西赣南脐橙，全程溯源可查，品质保障。, AA, 0, 1, 2026-07-14 19:22:52, 2026-07-14 19:22:52
<==        Row: 16, 甘肃花牛苹果, 水果, 甘肃天水, 5kg/箱, 36, 700, BATCH-F-015, null, 甘肃天水甘肃花牛苹果，全程溯源可查，品质保障。, AA, 0, 1, 2026-07-14 19:22:52, 2026-07-14 19:22:52
<==        Row: 17, 广西百香果, 水果, 广西玉林, 2.5kg/箱, 33, 653, BATCH-F-016, null, 广西玉林广西百香果，全程溯源可查，品质保障。, AA, 0, 1, 2026-07-14 19:22:52, 2026-07-14 19:22:52
<==        Row: 18, 海南三亚芒果, 水果, 海南三亚, 3kg/箱, 45, 663, BATCH-F-017, null, 海南三亚海南三亚芒果，全程溯源可查，品质保障。, AA, 0, 1, 2026-07-14 19:22:52, 2026-07-14 19:22:52
<==        Row: 19, 山东大樱桃, 水果, 山东烟台, 2kg/箱, 78, 504, BATCH-F-018, null, 山东烟台山东大樱桃，全程溯源可查，品质保障。, AA, 0, 1, 2026-07-14 19:22:52, 2026-07-14 19:22:52
<==        Row: 20, 福建东魁杨梅, 水果, 福建龙海, 2.5kg/箱, 58, 339, BATCH-F-019, null, 福建龙海福建东魁杨梅，全程溯源可查，品质保障。, AA, 0, 1, 2026-07-14 19:22:52, 2026-07-14 19:22:52
<==        Row: 21, 云南澄江蓝莓, 水果, 云南澄江, 12盒/箱, 88, 451, BATCH-F-020, null, 云南澄江云南澄江蓝莓，全程溯源可查，品质保障。, AA, 0, 1, 2026-07-14 19:22:52, 2026-07-14 19:22:52
<==        Row: 22, 海南凤梨释迦, 水果, 海南乐东, 2个/盒, 69, 546, BATCH-F-021, null, 海南乐东海南凤梨释迦，全程溯源可查，品质保障。, AA, 0, 1, 2026-07-14 19:22:52, 2026-07-14 19:22:52
<==        Row: 23, 云南有机蔬菜礼盒, 蔬菜, 云南昆明, 3kg/盒, 68, 740, BATCH-V-001, null, 云南昆明云南有机蔬菜礼盒，全程溯源可查，品质保障。, AA, 0, 1, 2026-07-14 19:22:52, 2026-07-14 19:22:52
<==        Row: 24, 山东章丘大葱, 蔬菜, 山东济南, 2kg/把, 12.9, 158, BATCH-V-002, null, 山东济南山东章丘大葱，全程溯源可查，品质保障。, AA, 0, 1, 2026-07-14 19:22:52, 2026-07-14 19:22:52
<==        Row: 25, 河南铁棍山药, 蔬菜, 河南焦作, 2kg/箱, 28, 334, BATCH-V-003, null, 河南焦作河南铁棍山药，全程溯源可查，品质保障。, AA, 0, 1, 2026-07-14 19:22:52, 2026-07-14 19:22:52
<==        Row: 26, 寿光新鲜黄瓜, 蔬菜, 山东潍坊, 1.5kg/袋, 9.9, 669, BATCH-V-004, null, 山东潍坊寿光新鲜黄瓜，全程溯源可查，品质保障。, AA, 0, 1, 2026-07-14 19:22:52, 2026-07-14 19:22:52
<==        Row: 27, 甘肃兰州百合, 蔬菜, 甘肃兰州, 500g/袋, 35, 599, BATCH-V-005, null, 甘肃兰州甘肃兰州百合，全程溯源可查，品质保障。, AA, 0, 1, 2026-07-14 19:22:52, 2026-07-14 19:22:52
<==        Row: 28, 福建古田鲜银耳, 蔬菜, 福建宁德, 300g/袋, 22, 631, BATCH-V-006, null, 福建宁德福建古田鲜银耳，全程溯源可查，品质保障。, AA, 0, 1, 2026-07-14 19:22:52, 2026-07-14 19:22:52
<==        Row: 29, 四川儿菜, 蔬菜, 四川成都, 2kg/袋, 13, 254, BATCH-V-007, null, 四川成都四川儿菜，全程溯源可查，品质保障。, AA, 0, 1, 2026-07-14 19:22:52, 2026-07-14 19:22:52
<==        Row: 30, 东北黑木耳, 蔬菜, 黑龙江牡丹江, 250g/袋, 32, 487, BATCH-V-008, null, 黑龙江牡丹江东北黑木耳，全程溯源可查，品质保障。, AA, 0, 1, 2026-07-14 19:22:52, 2026-07-14 19:22:52
<==        Row: 31, 云南香格里拉松茸, 蔬菜, 云南香格里拉, 500g/盒, 168, 532, BATCH-V-009, null, 云南香格里拉云南香格里拉松茸，全程溯源可查，品质保障。, AA, 0, 1, 2026-07-14 19:22:52, 2026-07-14 19:22:52
<==        Row: 32, 湖南洞庭湖莲藕, 蔬菜, 湖南洞庭湖, 2.5kg/袋, 15, 341, BATCH-V-010, null, 湖南洞庭湖湖南洞庭湖莲藕，全程溯源可查，品质保障。, AA, 0, 1, 2026-07-14 19:22:52, 2026-07-14 19:22:52
<==        Row: 33, 海南有机番茄, 蔬菜, 海南三亚, 2kg/袋, 14.9, 741, BATCH-V-011, null, 海南三亚海南有机番茄，全程溯源可查，品质保障。, AA, 0, 1, 2026-07-14 19:22:52, 2026-07-14 19:22:52
<==        Row: 34, 山东紫甘蓝, 蔬菜, 山东临沂, 1个/袋, 6.5, 714, BATCH-V-012, null, 山东临沂山东紫甘蓝，全程溯源可查，品质保障。, AA, 0, 1, 2026-07-14 19:22:52, 2026-07-14 19:22:52
<==        Row: 35, 云南甜玉米, 蔬菜, 云南西双版纳, 5根/袋, 15, 494, BATCH-V-013, null, 云南西双版纳云南甜玉米，全程溯源可查，品质保障。, AA, 0, 1, 2026-07-14 19:22:52, 2026-07-14 19:22:52
<==        Row: 36, 河北平泉香菇, 蔬菜, 河北承德, 500g/盒, 18, 492, BATCH-V-014, null, 河北承德河北平泉香菇，全程溯源可查，品质保障。, AA, 0, 1, 2026-07-14 19:22:52, 2026-07-14 19:22:52
<==        Row: 37, 浙江杭州雷笋, 蔬菜, 浙江杭州, 1.5kg/袋, 22, 419, BATCH-V-015, null, 浙江杭州浙江杭州雷笋，全程溯源可查，品质保障。, AA, 0, 1, 2026-07-14 19:22:52, 2026-07-14 19:22:52
<==        Row: 38, 广东菜心, 蔬菜, 广东清远, 500g/把, 6, 727, BATCH-V-016, null, 广东清远广东菜心，全程溯源可查，品质保障。, AA, 0, 1, 2026-07-14 19:22:52, 2026-07-14 19:22:52
<==        Row: 39, 宁夏菜心, 蔬菜, 宁夏银川, 500g/把, 7.5, 660, BATCH-V-017, null, 宁夏银川宁夏菜心，全程溯源可查，品质保障。, AA, 0, 1, 2026-07-14 19:22:52, 2026-07-14 19:22:52
<==        Row: 40, 江苏徐州芦笋, 蔬菜, 江苏徐州, 500g/盒, 19, 685, BATCH-V-018, null, 江苏徐州江苏徐州芦笋，全程溯源可查，品质保障。, AA, 0, 1, 2026-07-14 19:22:52, 2026-07-14 19:22:52
<==        Row: 41, 山东有机土豆, 蔬菜, 山东滕州, 2.5kg/袋, 11, 554, BATCH-V-019, null, 山东滕州山东有机土豆，全程溯源可查，品质保障。, AA, 0, 1, 2026-07-14 19:22:52, 2026-07-14 19:22:52
<==        Row: 42, 湖南红菜苔, 蔬菜, 湖南长沙, 500g/把, 8, 117, BATCH-V-020, null, 湖南长沙湖南红菜苔，全程溯源可查，品质保障。, AA, 0, 1, 2026-07-14 19:22:52, 2026-07-14 19:22:52
<==        Row: 43, 福建姬松茸, 蔬菜, 福建古田, 300g/盒, 42, 790, BATCH-V-021, null, 福建古田福建姬松茸，全程溯源可查，品质保障。, AA, 0, 1, 2026-07-14 19:22:52, 2026-07-14 19:22:52
<==        Row: 44, 黑龙江珍珠米, 粮食, 黑龙江佳木斯, 10kg/袋, 55, 357, BATCH-G-002, null, 黑龙江佳木斯黑龙江珍珠米，全程溯源可查，品质保障。, AA, 0, 1, 2026-07-14 19:22:52, 2026-07-14 19:22:52
<==        Row: 45, 吉林小町米, 粮食, 吉林长春, 10kg/袋, 62, 180, BATCH-G-003, null, 吉林长春吉林小町米，全程溯源可查，品质保障。, AA, 0, 1, 2026-07-14 19:22:52, 2026-07-14 19:22:52
<==        Row: 46, 辽宁盘锦大米, 粮食, 辽宁盘锦, 10kg/袋, 58, 789, BATCH-G-004, null, 辽宁盘锦辽宁盘锦大米，全程溯源可查，品质保障。, AA, 0, 1, 2026-07-14 19:22:52, 2026-07-14 19:22:52
<==        Row: 47, 山西沁州黄小米, 粮食, 山西长治, 2.5kg/袋, 32, 345, BATCH-G-005, null, 山西长治山西沁州黄小米，全程溯源可查，品质保障。, AA, 0, 1, 2026-07-14 19:22:52, 2026-07-14 19:22:52
<==        Row: 48, 内蒙古燕麦米, 粮食, 内蒙古赤峰, 2kg/袋, 28, 224, BATCH-G-006, null, 内蒙古赤峰内蒙古燕麦米，全程溯源可查，品质保障。, AA, 0, 1, 2026-07-14 19:22:52, 2026-07-14 19:22:52
<==        Row: 49, 河北张家口藜麦, 粮食, 河北张北, 1kg/袋, 35, 340, BATCH-G-007, null, 河北张北河北张家口藜麦，全程溯源可查，品质保障。, AA, 0, 1, 2026-07-14 19:22:52, 2026-07-14 19:22:52
<==        Row: 50, 云南红河紫米, 粮食, 云南红河, 2kg/袋, 38, 682, BATCH-G-008, null, 云南红河云南红河紫米，全程溯源可查，品质保障。, AA, 0, 1, 2026-07-14 19:22:52, 2026-07-14 19:22:52
<==        Row: 51, 山东济宁黑米, 粮食, 山东济宁, 2.5kg/袋, 22, 442, BATCH-G-009, null, 山东济宁山东济宁黑米，全程溯源可查，品质保障。, AA, 0, 1, 2026-07-14 19:22:52, 2026-07-14 19:22:52
<==        Row: 52, 河南周口面粉, 粮食, 河南周口, 5kg/袋, 25, 587, BATCH-G-010, null, 河南周口河南周口面粉，全程溯源可查，品质保障。, AA, 0, 1, 2026-07-14 19:22:52, 2026-07-14 19:22:52
<==        Row: 53, 湖南湘西富硒米, 粮食, 湖南湘西, 5kg/袋, 45, 375, BATCH-G-011, null, 湖南湘西湖南湘西富硒米，全程溯源可查，品质保障。, AA, 0, 1, 2026-07-14 19:22:52, 2026-07-14 19:22:52
<==        Row: 54, 山东玉米糁, 粮食, 山东潍坊, 2kg/袋, 16, 306, BATCH-G-012, null, 山东潍坊山东玉米糁，全程溯源可查，品质保障。, AA, 0, 1, 2026-07-14 19:22:52, 2026-07-14 19:22:52
<==        Row: 55, 陕西榆林荞麦, 粮食, 陕西榆林, 2kg/袋, 24, 404, BATCH-G-013, null, 陕西榆林陕西榆林荞麦，全程溯源可查，品质保障。, AA, 0, 1, 2026-07-14 19:22:52, 2026-07-14 19:22:52
<==        Row: 56, 东北有机黄豆, 粮食, 黑龙江黑河, 2.5kg/袋, 28, 315, BATCH-G-014, null, 黑龙江黑河东北有机黄豆，全程溯源可查，品质保障。, AA, 0, 1, 2026-07-14 19:22:52, 2026-07-14 19:22:52
<==        Row: 57, 内蒙古绿豆, 粮食, 内蒙古通辽, 2kg/袋, 22, 671, BATCH-G-015, null, 内蒙古通辽内蒙古绿豆，全程溯源可查，品质保障。, AA, 0, 1, 2026-07-14 19:22:52, 2026-07-14 19:22:52
<==        Row: 58, 江西宜春红米, 粮食, 江西宜春, 2.5kg/袋, 30, 713, BATCH-G-016, null, 江西宜春江西宜春红米，全程溯源可查，品质保障。, AA, 0, 1, 2026-07-14 19:22:52, 2026-07-14 19:22:52
<==        Row: 59, 贵州黑糯米, 粮食, 贵州黔东南, 2.5kg/袋, 35, 527, BATCH-G-017, null, 贵州黔东南贵州黑糯米，全程溯源可查，品质保障。, AA, 0, 1, 2026-07-14 19:22:52, 2026-07-14 19:22:52
<==        Row: 60, 安徽糯小米, 粮食, 安徽滁州, 2kg/袋, 26, 613, BATCH-G-018, null, 安徽滁州安徽糯小米，全程溯源可查，品质保障。, AA, 0, 1, 2026-07-14 19:22:52, 2026-07-14 19:22:52
<==        Row: 61, 河北莜麦面, 粮食, 河北张家口, 2.5kg/袋, 22, 745, BATCH-G-019, null, 河北张家口河北莜麦面，全程溯源可查，品质保障。, AA, 0, 1, 2026-07-14 19:22:52, 2026-07-14 19:22:52
<==        Row: 62, 新疆鹰嘴豆, 粮食, 新疆木垒, 1kg/袋, 32, 364, BATCH-G-020, null, 新疆木垒新疆鹰嘴豆，全程溯源可查，品质保障。, AA, 0, 1, 2026-07-14 19:22:52, 2026-07-14 19:22:52
<==        Row: 63, 西藏青稞米, 粮食, 西藏日喀则, 2kg/袋, 48, 270, BATCH-G-021, null, 西藏日喀则西藏青稞米，全程溯源可查，品质保障。, AA, 0, 1, 2026-07-14 19:22:52, 2026-07-14 19:22:52
<==        Row: 64, 安溪铁观音（有机）, 茶叶, 福建安溪, 250g/罐, 168, 307, BATCH-T-001, null, 福建安溪安溪铁观音（有机），全程溯源可查，品质保障。, AA, 0, 1, 2026-07-14 19:22:52, 2026-07-14 19:22:52
<==        Row: 65, 西湖龙井, 茶叶, 浙江杭州, 250g/罐, 298, 343, BATCH-T-002, null, 浙江杭州西湖龙井，全程溯源可查，品质保障。, AA, 0, 1, 2026-07-14 19:22:52, 2026-07-14 19:22:52
<==        Row: 66, 云南普洱茶（生）, 茶叶, 云南西双版纳, 357g/饼, 125, 769, BATCH-T-003, null, 云南西双版纳云南普洱茶（生），全程溯源可查，品质保障。, AA, 0, 1, 2026-07-14 19:22:52, 2026-07-14 19:22:52
<==        Row: 67, 云南普洱茶（熟）, 茶叶, 云南临沧, 357g/饼, 138, 587, BATCH-T-004, null, 云南临沧云南普洱茶（熟），全程溯源可查，品质保障。, AA, 0, 1, 2026-07-14 19:22:52, 2026-07-14 19:22:52
<==        Row: 68, 武夷山大红袍, 茶叶, 福建武夷山, 125g/罐, 198, 215, BATCH-T-005, null, 福建武夷山武夷山大红袍，全程溯源可查，品质保障。, AA, 0, 1, 2026-07-14 19:22:52, 2026-07-14 19:22:52
<==        Row: 69, 洞庭碧螺春, 茶叶, 江苏苏州, 250g/罐, 268, 638, BATCH-T-006, null, 江苏苏州洞庭碧螺春，全程溯源可查，品质保障。, AA, 0, 1, 2026-07-14 19:22:52, 2026-07-14 19:22:52
<==        Row: 70, 黄山毛峰, 茶叶, 安徽黄山, 250g/罐, 188, 772, BATCH-T-007, null, 安徽黄山黄山毛峰，全程溯源可查，品质保障。, AA, 0, 1, 2026-07-14 19:22:52, 2026-07-14 19:22:52
<==        Row: 71, 信阳毛尖, 茶叶, 河南信阳, 250g/罐, 158, 486, BATCH-T-008, null, 河南信阳信阳毛尖，全程溯源可查，品质保障。, AA, 0, 1, 2026-07-14 19:22:52, 2026-07-14 19:22:52
<==        Row: 72, 六安瓜片, 茶叶, 安徽六安, 250g/罐, 228, 445, BATCH-T-009, null, 安徽六安六安瓜片，全程溯源可查，品质保障。, AA, 0, 1, 2026-07-14 19:22:52, 2026-07-14 19:22:52
<==        Row: 73, 君山银针, 茶叶, 湖南岳阳, 200g/盒, 268, 295, BATCH-T-010, null, 湖南岳阳君山银针，全程溯源可查，品质保障。, AA, 0, 1, 2026-07-14 19:22:52, 2026-07-14 19:22:52
<==        Row: 74, 福鼎白毫银针, 茶叶, 福建福鼎, 200g/盒, 358, 406, BATCH-T-011, null, 福建福鼎福鼎白毫银针，全程溯源可查，品质保障。, AA, 0, 1, 2026-07-14 19:22:52, 2026-07-14 19:22:52
<==        Row: 75, 安化黑茶, 茶叶, 湖南益阳, 500g/饼, 98, 790, BATCH-T-012, null, 湖南益阳安化黑茶，全程溯源可查，品质保障。, AA, 0, 1, 2026-07-14 19:22:52, 2026-07-14 19:22:52
<==        Row: 76, 祁门红茶, 茶叶, 安徽祁门, 250g/罐, 178, 664, BATCH-T-013, null, 安徽祁门祁门红茶，全程溯源可查，品质保障。, AA, 0, 1, 2026-07-14 19:22:52, 2026-07-14 19:22:52
<==        Row: 77, 正山小种, 茶叶, 福建武夷山, 250g/罐, 198, 456, BATCH-T-014, null, 福建武夷山正山小种，全程溯源可查，品质保障。, AA, 0, 1, 2026-07-14 19:22:52, 2026-07-14 19:22:52
<==        Row: 78, 金骏眉, 茶叶, 福建武夷山, 125g/罐, 388, 355, BATCH-T-015, null, 福建武夷山金骏眉，全程溯源可查，品质保障。, AA, 0, 1, 2026-07-14 19:22:52, 2026-07-14 19:22:52
<==        Row: 79, 四川竹叶青, 茶叶, 四川峨眉山, 200g/盒, 218, 636, BATCH-T-016, null, 四川峨眉山四川竹叶青，全程溯源可查，品质保障。, AA, 0, 1, 2026-07-14 19:22:52, 2026-07-14 19:22:52
<==        Row: 80, 太平猴魁, 茶叶, 安徽黄山, 200g/盒, 248, 294, BATCH-T-017, null, 安徽黄山太平猴魁，全程溯源可查，品质保障。, AA, 0, 1, 2026-07-14 19:22:52, 2026-07-14 19:22:52
<==        Row: 81, 安吉白茶, 茶叶, 浙江安吉, 250g/罐, 198, 765, BATCH-T-018, null, 浙江安吉安吉白茶，全程溯源可查，品质保障。, AA, 0, 1, 2026-07-14 19:22:52, 2026-07-14 19:22:52
<==        Row: 82, 广西六堡茶, 茶叶, 广西梧州, 500g/饼, 108, 264, BATCH-T-019, null, 广西梧州广西六堡茶，全程溯源可查，品质保障。, AA, 0, 1, 2026-07-14 19:22:52, 2026-07-14 19:22:52
<==        Row: 83, 都匀毛尖, 茶叶, 贵州黔南, 250g/罐, 148, 325, BATCH-T-020, null, 贵州黔南都匀毛尖，全程溯源可查，品质保障。, AA, 0, 1, 2026-07-14 19:22:52, 2026-07-14 19:22:52
<==        Row: 84, 台湾冻顶乌龙, 茶叶, 福建漳平, 250g/罐, 228, 670, BATCH-T-021, null, 福建漳平台湾冻顶乌龙，全程溯源可查，品质保障。, AA, 0, 1, 2026-07-14 19:22:52, 2026-07-14 19:22:52
<==        Row: 85, 黑山猪五花肉, 畜禽, 吉林长白山, 500g/盒, 32, 203, BATCH-L-001, null, 吉林长白山黑山猪五花肉，全程溯源可查，品质保障。, AA, 0, 1, 2026-07-14 19:22:52, 2026-07-14 19:22:52
<==        Row: 86, 散养土鸡, 畜禽, 江西泰和, 1只约1.2kg, 68, 633, BATCH-L-002, null, 江西泰和散养土鸡，全程溯源可查，品质保障。, AA, 0, 1, 2026-07-14 19:22:52, 2026-07-14 19:22:52
<==        Row: 87, 生态土鸡蛋, 畜禽, 湖南衡阳, 30枚/盒, 45, 649, BATCH-L-003, null, 湖南衡阳生态土鸡蛋，全程溯源可查，品质保障。, AA, 0, 1, 2026-07-14 19:22:52, 2026-07-14 19:22:52
<==        Row: 88, 宁夏盐池滩羊, 畜禽, 宁夏吴忠, 1kg/盒, 108, 439, BATCH-L-004, null, 宁夏吴忠宁夏盐池滩羊，全程溯源可查，品质保障。, AA, 0, 1, 2026-07-14 19:22:52, 2026-07-14 19:22:52
<==        Row: 89, 内蒙古科尔沁牛, 畜禽, 内蒙古通辽, 1kg/盒, 88, 179, BATCH-L-005, null, 内蒙古通辽内蒙古科尔沁牛，全程溯源可查，品质保障。, AA, 0, 1, 2026-07-14 19:22:52, 2026-07-14 19:22:52
<==        Row: 90, 贵州散养鸭, 畜禽, 贵州六盘水, 1只约1.5kg, 56, 744, BATCH-L-006, null, 贵州六盘水贵州散养鸭，全程溯源可查，品质保障。, AA, 0, 1, 2026-07-14 19:22:52, 2026-07-14 19:22:52
<==        Row: 91, 四川跑山猪排, 畜禽, 四川巴中, 500g/盒, 42, 442, BATCH-L-007, null, 四川巴中四川跑山猪排，全程溯源可查，品质保障。, AA, 0, 1, 2026-07-14 19:22:52, 2026-07-14 19:22:52
<==        Row: 92, 安徽土鸭蛋, 畜禽, 安徽安庆, 20枚/盒, 36, 204, BATCH-L-008, null, 安徽安庆安徽土鸭蛋，全程溯源可查，品质保障。, AA, 0, 1, 2026-07-14 19:22:52, 2026-07-14 19:22:52
<==        Row: 93, 青海牦牛肉, 畜禽, 青海玉树, 1kg/盒, 128, 497, BATCH-L-009, null, 青海玉树青海牦牛肉，全程溯源可查，品质保障。, AA, 0, 1, 2026-07-14 19:22:52, 2026-07-14 19:22:52
<==        Row: 94, 海南文昌鸡, 畜禽, 海南文昌, 1只约1kg, 72, 512, BATCH-L-010, null, 海南文昌海南文昌鸡，全程溯源可查，品质保障。, AA, 0, 1, 2026-07-14 19:22:52, 2026-07-14 19:22:52
<==        Row: 95, 东北笨鹅, 畜禽, 黑龙江绥化, 1只约2kg, 88, 791, BATCH-L-011, null, 黑龙江绥化东北笨鹅，全程溯源可查，品质保障。, AA, 0, 1, 2026-07-14 19:22:52, 2026-07-14 19:22:52
<==        Row: 96, 浙江湖羊, 畜禽, 浙江湖州, 1kg/盒, 98, 210, BATCH-L-012, null, 浙江湖州浙江湖羊，全程溯源可查，品质保障。, AA, 0, 1, 2026-07-14 19:22:52, 2026-07-14 19:22:52
<==        Row: 97, 云南乌骨鸡, 畜禽, 云南楚雄, 1只约1kg, 62, 390, BATCH-L-013, null, 云南楚雄云南乌骨鸡，全程溯源可查，品质保障。, AA, 0, 1, 2026-07-14 19:22:52, 2026-07-14 19:22:52
<==        Row: 98, 山东乳鸽, 畜禽, 山东济南, 2只/盒, 48, 337, BATCH-L-014, null, 山东济南山东乳鸽，全程溯源可查，品质保障。, AA, 0, 1, 2026-07-14 19:22:52, 2026-07-14 19:22:52
<==        Row: 99, 广西巴马香猪, 畜禽, 广西河池, 1kg/盒, 78, 447, BATCH-L-015, null, 广西河池广西巴马香猪，全程溯源可查，品质保障。, AA, 0, 1, 2026-07-14 19:22:52, 2026-07-14 19:22:52
<==        Row: 100, 西藏藏香猪, 畜禽, 西藏林芝, 1kg/盒, 158, 489, BATCH-L-016, null, 西藏林芝西藏藏香猪，全程溯源可查，品质保障。, AA, 0, 1, 2026-07-14 19:22:52, 2026-07-14 19:22:52
<==        Row: 101, 高邮咸鸭蛋, 畜禽, 江苏高邮, 20枚/盒, 42, 279, BATCH-L-017, null, 江苏高邮高邮咸鸭蛋，全程溯源可查，品质保障。, AA, 0, 1, 2026-07-14 19:22:52, 2026-07-14 19:22:52
<==        Row: 102, 福建河田鸡, 畜禽, 福建龙岩, 1只约1.2kg, 65, 285, BATCH-L-018, null, 福建龙岩福建河田鸡，全程溯源可查，品质保障。, AA, 0, 1, 2026-07-14 19:22:52, 2026-07-14 19:22:52
<==        Row: 103, 陕西秦川牛肉, 畜禽, 陕西宝鸡, 1kg/盒, 82, 150, BATCH-L-019, null, 陕西宝鸡陕西秦川牛肉，全程溯源可查，品质保障。, AA, 0, 1, 2026-07-14 19:22:52, 2026-07-14 19:22:52
<==        Row: 104, 湖北洪湖鸭, 畜禽, 湖北洪湖, 1只约1.5kg, 52, 498, BATCH-L-020, null, 湖北洪湖湖北洪湖鸭，全程溯源可查，品质保障。, AA, 0, 1, 2026-07-14 19:22:52, 2026-07-14 19:22:52
<==        Row: 105, 广东清远鸡, 畜禽, 广东清远, 1只约1.2kg, 58, 301, BATCH-L-021, null, 广东清远广东清远鸡，全程溯源可查，品质保障。, AA, 0, 1, 2026-07-14 19:22:52, 2026-07-14 19:22:52
<==      Total: 105
Closing non transactional SqlSession [org.apache.ibatis.session.defaults.DefaultSqlSession@47a885d4]
2026-07-15 10:32:29.614  INFO 28452 --- [nio-8080-exec-7] c.agri.trace.agent.MainCoordinatorAgent  : API Key 有效，使用在线模式（provider=openai, key前缀=sk-or-v1-26d8d5...）
2026-07-15 10:32:29.617  INFO 28452 --- [nio-8080-exec-7] com.agri.trace.agent.LlmService          : 调用 LLM API: provider=openai, model=deepseek/deepseek-chat, url=https://openrouter.ai/api/v1/chat/completions
2026-07-15 10:32:43.802  INFO 28452 --- [nio-8080-exec-7] c.agri.trace.agent.MainCoordinatorAgent  : LLM 在线回答完成
Creating a new SqlSession
SqlSession [org.apache.ibatis.session.defaults.DefaultSqlSession@34041051] was not registered for synchronization because synchronization is not active
JDBC Connection [HikariProxyConnection@931247392 wrapping org.sqlite.jdbc4.JDBC4Connection@7d3e8655] will not be managed by Spring
==>  Preparing: INSERT INTO agent_dialog ( session_id, question, answer, tool_calls, create_time ) VALUES ( ?, ?, ?, ?, ? )
==> Parameters: 34d98418d61b4d9c83a6165f2c83788f(String), ?????????(String), 您好！我是农源AI，专注于农产品溯源与食品安全。根据您的查询，我获取了平台商品的详细信息，包括茶叶、蔬菜、水果、粮食和畜禽等类别。

如果您有具体问题，例如：
- 想查询某款商品的溯源信息（如产地、批次、检测报告等）
- 需要了解某类农产品的合规标准
- 想追踪商品的物流状态
- 需要推荐适合的商品

请告诉我您的具体需求，我会为您提供专业的帮助！(String), general_chat(String), 2026-07-15T10:32:43.803(LocalDateTime)
<==    Updates: 1
Closing non transactional SqlSession [org.apache.ibatis.session.defaults.DefaultSqlSession@34041051]
Creating a new SqlSession
SqlSession [org.apache.ibatis.session.defaults.DefaultSqlSession@29286baf] was not registered for synchronization because synchronization is not active
JDBC Connection [HikariProxyConnection@600834271 wrapping org.sqlite.jdbc4.JDBC4Connection@7d3e8655] will not be managed by Spring
==>  Preparing: SELECT COUNT(*) AS total FROM product WHERE deleted = 0 AND (status = ?)
==> Parameters: 1(Integer)
<==    Columns: total
<==        Row: 105
<==      Total: 1
==>  Preparing: SELECT id,name,category,origin,spec,price,stock,batch_no,image_url,description,trace_level,deleted,status,create_time,update_time FROM product WHERE deleted=0 AND (status = ?) ORDER BY create_time DESC LIMIT ?
==> Parameters: 1(Integer), 3(Long)
<==    Columns: id, name, category, origin, spec, price, stock, batch_no, image_url, description, trace_level, deleted, status, create_time, update_time
<==        Row: 8, 陕西洛川苹果, 水果, 陕西延安, 5kg/箱, 42, 613, BATCH-F-007, null, 陕西延安陕西洛川苹果，全程溯源可查，品质保障。, AA, 0, 1, 2026-07-14T19:22:52, 2026-07-14T19:22:52
<==        Row: 2, 五常有机大米, 粮食, 黑龙江五常, 10kg/袋, 89.9, 500, BATCH-G-001, null, 黑龙江五常有机稻花香大米。, AA, 0, 1, 2026-07-14T19:22:35.018, 2026-07-14 11:22:35
<==        Row: 1, 山东红富士苹果, 水果, 山东烟台, 5kg/箱, 49.9, 1000, BATCH-F-001, null, 山东烟台红富士苹果，色泽红润，口感脆甜。, AAA, 0, 1, 2026-07-14T19:22:34.990, 2026-07-14 11:22:34
<==      Total: 3
Closing non transactional SqlSession [org.apache.ibatis.session.defaults.DefaultSqlSession@29286baf]
Creating a new SqlSession
SqlSession [org.apache.ibatis.session.defaults.DefaultSqlSession@f97b2e] was not registered for synchronization because synchronization is not active
JDBC Connection [HikariProxyConnection@1174136149 wrapping org.sqlite.jdbc4.JDBC4Connection@7d3e8655] will not be managed by Spring
==>  Preparing: SELECT * FROM orders WHERE user_id = ? ORDER BY create_time DESC
==> Parameters: 2(Long)
<==    Columns: id, user_id, order_no, total_amount, status, receiver_name, receiver_phone, receiver_address, logistics_no, logistics_company, create_time, update_time
<==        Row: 1, 2, 803133D2829B4B7B9229, 42, PAID, 嘻嘻, 123456, 青岛职业技术学院
, null, null, 2026-07-15T10:27:15.852, 2026-07-15T02:27:15
<==      Total: 1
Closing non transactional SqlSession [org.apache.ibatis.session.defaults.DefaultSqlSession@f97b2e]
Creating a new SqlSession
SqlSession [org.apache.ibatis.session.defaults.DefaultSqlSession@31271779] was not registered for synchronization because synchronization is not active
JDBC Connection [HikariProxyConnection@1255986358 wrapping org.sqlite.jdbc4.JDBC4Connection@7d3e8655] will not be managed by Spring
==>  Preparing: SELECT COUNT(*) AS total FROM product WHERE deleted = 0 AND (status = ?)
==> Parameters: 1(Integer)
<==    Columns: total
<==        Row: 105
<==      Total: 1
==>  Preparing: SELECT id,name,category,origin,spec,price,stock,batch_no,image_url,description,trace_level,deleted,status,create_time,update_time FROM product WHERE deleted=0 AND (status = ?) ORDER BY create_time DESC LIMIT ?
==> Parameters: 1(Integer), 12(Long)
<==    Columns: id, name, category, origin, spec, price, stock, batch_no, image_url, description, trace_level, deleted, status, create_time, update_time
<==        Row: 8, 陕西洛川苹果, 水果, 陕西延安, 5kg/箱, 42, 613, BATCH-F-007, null, 陕西延安陕西洛川苹果，全程溯源可查，品质保障。, AA, 0, 1, 2026-07-14T19:22:52, 2026-07-14T19:22:52
<==        Row: 2, 五常有机大米, 粮食, 黑龙江五常, 10kg/袋, 89.9, 500, BATCH-G-001, null, 黑龙江五常有机稻花香大米。, AA, 0, 1, 2026-07-14T19:22:35.018, 2026-07-14 11:22:35
<==        Row: 1, 山东红富士苹果, 水果, 山东烟台, 5kg/箱, 49.9, 1000, BATCH-F-001, null, 山东烟台红富士苹果，色泽红润，口感脆甜。, AAA, 0, 1, 2026-07-14T19:22:34.990, 2026-07-14 11:22:34
<==        Row: 3, 新疆库尔勒香梨, 水果, 新疆库尔勒, 4kg/箱, 39.9, 601, BATCH-F-002, null, 新疆库尔勒新疆库尔勒香梨，全程溯源可查，品质保障。, AA, 0, 1, 2026-07-14 19:22:52, 2026-07-14 19:22:52
<==        Row: 4, 四川爱媛果冻橙, 水果, 四川眉山, 5kg/箱, 45, 685, BATCH-F-003, null, 四川眉山四川爱媛果冻橙，全程溯源可查，品质保障。, AA, 0, 1, 2026-07-14 19:22:52, 2026-07-14 19:22:52
<==        Row: 5, 广西武鸣沃柑, 水果, 广西武鸣, 5kg/箱, 35.9, 752, BATCH-F-004, null, 广西武鸣广西武鸣沃柑，全程溯源可查，品质保障。, AA, 0, 1, 2026-07-14 19:22:52, 2026-07-14 19:22:52
<==        Row: 6, 海南金钻凤梨, 水果, 海南海口, 2个/盒, 29.9, 800, BATCH-F-005, null, 海南海口海南金钻凤梨，全程溯源可查，品质保障。, AA, 0, 1, 2026-07-14 19:22:52, 2026-07-14 19:22:52
<==        Row: 7, 云南冰糖橙, 水果, 云南玉溪, 5kg/箱, 38, 598, BATCH-F-006, null, 云南玉溪云南冰糖橙，全程溯源可查，品质保障。, AA, 0, 1, 2026-07-14 19:22:52, 2026-07-14 19:22:52
<==        Row: 9, 浙江仙居杨梅, 水果, 浙江台州, 3kg/箱, 68, 150, BATCH-F-008, null, 浙江台州浙江仙居杨梅，全程溯源可查，品质保障。, AA, 0, 1, 2026-07-14 19:22:52, 2026-07-14 19:22:52
<==        Row: 10, 广东桂味荔枝, 水果, 广东茂名, 3kg/箱, 55, 537, BATCH-F-009, null, 广东茂名广东桂味荔枝，全程溯源可查，品质保障。, AA, 0, 1, 2026-07-14 19:22:52, 2026-07-14 19:22:52
<==        Row: 11, 福建平和蜜柚, 水果, 福建漳州, 2个/袋, 25.9, 756, BATCH-F-010, null, 福建漳州福建平和蜜柚，全程溯源可查，品质保障。, AA, 0, 1, 2026-07-14 19:22:52, 2026-07-14 19:22:52
<==        Row: 12, 新疆哈密瓜, 水果, 新疆吐鲁番, 1个/箱, 32, 371, BATCH-F-011, null, 新疆吐鲁番新疆哈密瓜，全程溯源可查，品质保障。, AA, 0, 1, 2026-07-14 19:22:52, 2026-07-14 19:22:52
<==      Total: 12
Closing non transactional SqlSession [org.apache.ibatis.session.defaults.DefaultSqlSession@31271779]
Creating a new SqlSession
SqlSession [org.apache.ibatis.session.defaults.DefaultSqlSession@3ccac86e] was not registered for synchronization because synchronization is not active
JDBC Connection [HikariProxyConnection@788666714 wrapping org.sqlite.jdbc4.JDBC4Connection@7d3e8655] will not be managed by Spring
==>  Preparing: SELECT COUNT(*) AS total FROM product WHERE deleted = 0 AND (status = ?)
==> Parameters: 1(Integer)
<==    Columns: total
<==        Row: 105
<==      Total: 1
==>  Preparing: SELECT id,name,category,origin,spec,price,stock,batch_no,image_url,description,trace_level,deleted,status,create_time,update_time FROM product WHERE deleted=0 AND (status = ?) ORDER BY create_time DESC LIMIT ?
==> Parameters: 1(Integer), 12(Long)
<==    Columns: id, name, category, origin, spec, price, stock, batch_no, image_url, description, trace_level, deleted, status, create_time, update_time
<==        Row: 8, 陕西洛川苹果, 水果, 陕西延安, 5kg/箱, 42, 613, BATCH-F-007, null, 陕西延安陕西洛川苹果，全程溯源可查，品质保障。, AA, 0, 1, 2026-07-14T19:22:52, 2026-07-14T19:22:52
<==        Row: 2, 五常有机大米, 粮食, 黑龙江五常, 10kg/袋, 89.9, 500, BATCH-G-001, null, 黑龙江五常有机稻花香大米。, AA, 0, 1, 2026-07-14T19:22:35.018, 2026-07-14 11:22:35
<==        Row: 1, 山东红富士苹果, 水果, 山东烟台, 5kg/箱, 49.9, 1000, BATCH-F-001, null, 山东烟台红富士苹果，色泽红润，口感脆甜。, AAA, 0, 1, 2026-07-14T19:22:34.990, 2026-07-14 11:22:34
<==        Row: 3, 新疆库尔勒香梨, 水果, 新疆库尔勒, 4kg/箱, 39.9, 601, BATCH-F-002, null, 新疆库尔勒新疆库尔勒香梨，全程溯源可查，品质保障。, AA, 0, 1, 2026-07-14 19:22:52, 2026-07-14 19:22:52
<==        Row: 4, 四川爱媛果冻橙, 水果, 四川眉山, 5kg/箱, 45, 685, BATCH-F-003, null, 四川眉山四川爱媛果冻橙，全程溯源可查，品质保障。, AA, 0, 1, 2026-07-14 19:22:52, 2026-07-14 19:22:52
<==        Row: 5, 广西武鸣沃柑, 水果, 广西武鸣, 5kg/箱, 35.9, 752, BATCH-F-004, null, 广西武鸣广西武鸣沃柑，全程溯源可查，品质保障。, AA, 0, 1, 2026-07-14 19:22:52, 2026-07-14 19:22:52
<==        Row: 6, 海南金钻凤梨, 水果, 海南海口, 2个/盒, 29.9, 800, BATCH-F-005, null, 海南海口海南金钻凤梨，全程溯源可查，品质保障。, AA, 0, 1, 2026-07-14 19:22:52, 2026-07-14 19:22:52
<==        Row: 7, 云南冰糖橙, 水果, 云南玉溪, 5kg/箱, 38, 598, BATCH-F-006, null, 云南玉溪云南冰糖橙，全程溯源可查，品质保障。, AA, 0, 1, 2026-07-14 19:22:52, 2026-07-14 19:22:52
<==        Row: 9, 浙江仙居杨梅, 水果, 浙江台州, 3kg/箱, 68, 150, BATCH-F-008, null, 浙江台州浙江仙居杨梅，全程溯源可查，品质保障。, AA, 0, 1, 2026-07-14 19:22:52, 2026-07-14 19:22:52
<==        Row: 10, 广东桂味荔枝, 水果, 广东茂名, 3kg/箱, 55, 537, BATCH-F-009, null, 广东茂名广东桂味荔枝，全程溯源可查，品质保障。, AA, 0, 1, 2026-07-14 19:22:52, 2026-07-14 19:22:52
<==        Row: 11, 福建平和蜜柚, 水果, 福建漳州, 2个/袋, 25.9, 756, BATCH-F-010, null, 福建漳州福建平和蜜柚，全程溯源可查，品质保障。, AA, 0, 1, 2026-07-14 19:22:52, 2026-07-14 19:22:52
<==        Row: 12, 新疆哈密瓜, 水果, 新疆吐鲁番, 1个/箱, 32, 371, BATCH-F-011, null, 新疆吐鲁番新疆哈密瓜，全程溯源可查，品质保障。, AA, 0, 1, 2026-07-14 19:22:52, 2026-07-14 19:22:52
<==      Total: 12
Closing non transactional SqlSession [org.apache.ibatis.session.defaults.DefaultSqlSession@3ccac86e]
Creating a new SqlSession
SqlSession [org.apache.ibatis.session.defaults.DefaultSqlSession@12bfc640] was not registered for synchronization because synchronization is not active
JDBC Connection [HikariProxyConnection@1383691608 wrapping org.sqlite.jdbc4.JDBC4Connection@7d3e8655] will not be managed by Spring
==>  Preparing: SELECT COUNT(*) AS total FROM product WHERE deleted = 0 AND (status = ?)
==> Parameters: 1(Integer)
<==    Columns: total
<==        Row: 105
<==      Total: 1
==>  Preparing: SELECT id,name,category,origin,spec,price,stock,batch_no,image_url,description,trace_level,deleted,status,create_time,update_time FROM product WHERE deleted=0 AND (status = ?) ORDER BY create_time DESC LIMIT ?
==> Parameters: 1(Integer), 12(Long)
<==    Columns: id, name, category, origin, spec, price, stock, batch_no, image_url, description, trace_level, deleted, status, create_time, update_time
<==        Row: 8, 陕西洛川苹果, 水果, 陕西延安, 5kg/箱, 42, 613, BATCH-F-007, null, 陕西延安陕西洛川苹果，全程溯源可查，品质保障。, AA, 0, 1, 2026-07-14T19:22:52, 2026-07-14T19:22:52
<==        Row: 2, 五常有机大米, 粮食, 黑龙江五常, 10kg/袋, 89.9, 500, BATCH-G-001, null, 黑龙江五常有机稻花香大米。, AA, 0, 1, 2026-07-14T19:22:35.018, 2026-07-14 11:22:35
<==        Row: 1, 山东红富士苹果, 水果, 山东烟台, 5kg/箱, 49.9, 1000, BATCH-F-001, null, 山东烟台红富士苹果，色泽红润，口感脆甜。, AAA, 0, 1, 2026-07-14T19:22:34.990, 2026-07-14 11:22:34
<==        Row: 3, 新疆库尔勒香梨, 水果, 新疆库尔勒, 4kg/箱, 39.9, 601, BATCH-F-002, null, 新疆库尔勒新疆库尔勒香梨，全程溯源可查，品质保障。, AA, 0, 1, 2026-07-14 19:22:52, 2026-07-14 19:22:52
<==        Row: 4, 四川爱媛果冻橙, 水果, 四川眉山, 5kg/箱, 45, 685, BATCH-F-003, null, 四川眉山四川爱媛果冻橙，全程溯源可查，品质保障。, AA, 0, 1, 2026-07-14 19:22:52, 2026-07-14 19:22:52
<==        Row: 5, 广西武鸣沃柑, 水果, 广西武鸣, 5kg/箱, 35.9, 752, BATCH-F-004, null, 广西武鸣广西武鸣沃柑，全程溯源可查，品质保障。, AA, 0, 1, 2026-07-14 19:22:52, 2026-07-14 19:22:52
<==        Row: 6, 海南金钻凤梨, 水果, 海南海口, 2个/盒, 29.9, 800, BATCH-F-005, null, 海南海口海南金钻凤梨，全程溯源可查，品质保障。, AA, 0, 1, 2026-07-14 19:22:52, 2026-07-14 19:22:52
<==        Row: 7, 云南冰糖橙, 水果, 云南玉溪, 5kg/箱, 38, 598, BATCH-F-006, null, 云南玉溪云南冰糖橙，全程溯源可查，品质保障。, AA, 0, 1, 2026-07-14 19:22:52, 2026-07-14 19:22:52
<==        Row: 9, 浙江仙居杨梅, 水果, 浙江台州, 3kg/箱, 68, 150, BATCH-F-008, null, 浙江台州浙江仙居杨梅，全程溯源可查，品质保障。, AA, 0, 1, 2026-07-14 19:22:52, 2026-07-14 19:22:52
<==        Row: 10, 广东桂味荔枝, 水果, 广东茂名, 3kg/箱, 55, 537, BATCH-F-009, null, 广东茂名广东桂味荔枝，全程溯源可查，品质保障。, AA, 0, 1, 2026-07-14 19:22:52, 2026-07-14 19:22:52
<==        Row: 11, 福建平和蜜柚, 水果, 福建漳州, 2个/袋, 25.9, 756, BATCH-F-010, null, 福建漳州福建平和蜜柚，全程溯源可查，品质保障。, AA, 0, 1, 2026-07-14 19:22:52, 2026-07-14 19:22:52
<==        Row: 12, 新疆哈密瓜, 水果, 新疆吐鲁番, 1个/箱, 32, 371, BATCH-F-011, null, 新疆吐鲁番新疆哈密瓜，全程溯源可查，品质保障。, AA, 0, 1, 2026-07-14 19:22:52, 2026-07-14 19:22:52
<==      Total: 12
Closing non transactional SqlSession [org.apache.ibatis.session.defaults.DefaultSqlSession@12bfc640]
Creating a new SqlSession
SqlSession [org.apache.ibatis.session.defaults.DefaultSqlSession@d4fe80f] was not registered for synchronization because synchronization is not active
JDBC Connection [HikariProxyConnection@1681289277 wrapping org.sqlite.jdbc4.JDBC4Connection@7d3e8655] will not be managed by Spring
==>  Preparing: SELECT COUNT(*) AS total FROM product WHERE deleted = 0 AND (status = ?)
==> Parameters: 1(Integer)
<==    Columns: total
<==        Row: 105
<==      Total: 1
==>  Preparing: SELECT id,name,category,origin,spec,price,stock,batch_no,image_url,description,trace_level,deleted,status,create_time,update_time FROM product WHERE deleted=0 AND (status = ?) ORDER BY create_time DESC LIMIT ?
==> Parameters: 1(Integer), 12(Long)
<==    Columns: id, name, category, origin, spec, price, stock, batch_no, image_url, description, trace_level, deleted, status, create_time, update_time
<==        Row: 8, 陕西洛川苹果, 水果, 陕西延安, 5kg/箱, 42, 613, BATCH-F-007, null, 陕西延安陕西洛川苹果，全程溯源可查，品质保障。, AA, 0, 1, 2026-07-14T19:22:52, 2026-07-14T19:22:52
<==        Row: 2, 五常有机大米, 粮食, 黑龙江五常, 10kg/袋, 89.9, 500, BATCH-G-001, null, 黑龙江五常有机稻花香大米。, AA, 0, 1, 2026-07-14T19:22:35.018, 2026-07-14 11:22:35
<==        Row: 1, 山东红富士苹果, 水果, 山东烟台, 5kg/箱, 49.9, 1000, BATCH-F-001, null, 山东烟台红富士苹果，色泽红润，口感脆甜。, AAA, 0, 1, 2026-07-14T19:22:34.990, 2026-07-14 11:22:34
<==        Row: 3, 新疆库尔勒香梨, 水果, 新疆库尔勒, 4kg/箱, 39.9, 601, BATCH-F-002, null, 新疆库尔勒新疆库尔勒香梨，全程溯源可查，品质保障。, AA, 0, 1, 2026-07-14 19:22:52, 2026-07-14 19:22:52
<==        Row: 4, 四川爱媛果冻橙, 水果, 四川眉山, 5kg/箱, 45, 685, BATCH-F-003, null, 四川眉山四川爱媛果冻橙，全程溯源可查，品质保障。, AA, 0, 1, 2026-07-14 19:22:52, 2026-07-14 19:22:52
<==        Row: 5, 广西武鸣沃柑, 水果, 广西武鸣, 5kg/箱, 35.9, 752, BATCH-F-004, null, 广西武鸣广西武鸣沃柑，全程溯源可查，品质保障。, AA, 0, 1, 2026-07-14 19:22:52, 2026-07-14 19:22:52
<==        Row: 6, 海南金钻凤梨, 水果, 海南海口, 2个/盒, 29.9, 800, BATCH-F-005, null, 海南海口海南金钻凤梨，全程溯源可查，品质保障。, AA, 0, 1, 2026-07-14 19:22:52, 2026-07-14 19:22:52
<==        Row: 7, 云南冰糖橙, 水果, 云南玉溪, 5kg/箱, 38, 598, BATCH-F-006, null, 云南玉溪云南冰糖橙，全程溯源可查，品质保障。, AA, 0, 1, 2026-07-14 19:22:52, 2026-07-14 19:22:52
<==        Row: 9, 浙江仙居杨梅, 水果, 浙江台州, 3kg/箱, 68, 150, BATCH-F-008, null, 浙江台州浙江仙居杨梅，全程溯源可查，品质保障。, AA, 0, 1, 2026-07-14 19:22:52, 2026-07-14 19:22:52
<==        Row: 10, 广东桂味荔枝, 水果, 广东茂名, 3kg/箱, 55, 537, BATCH-F-009, null, 广东茂名广东桂味荔枝，全程溯源可查，品质保障。, AA, 0, 1, 2026-07-14 19:22:52, 2026-07-14 19:22:52
<==        Row: 11, 福建平和蜜柚, 水果, 福建漳州, 2个/袋, 25.9, 756, BATCH-F-010, null, 福建漳州福建平和蜜柚，全程溯源可查，品质保障。, AA, 0, 1, 2026-07-14 19:22:52, 2026-07-14 19:22:52
<==        Row: 12, 新疆哈密瓜, 水果, 新疆吐鲁番, 1个/箱, 32, 371, BATCH-F-011, null, 新疆吐鲁番新疆哈密瓜，全程溯源可查，品质保障。, AA, 0, 1, 2026-07-14 19:22:52, 2026-07-14 19:22:52
<==      Total: 12
Closing non transactional SqlSession [org.apache.ibatis.session.defaults.DefaultSqlSession@d4fe80f]
Creating a new SqlSession
SqlSession [org.apache.ibatis.session.defaults.DefaultSqlSession@1a3707ff] was not registered for synchronization because synchronization is not active
JDBC Connection [HikariProxyConnection@1867652080 wrapping org.sqlite.jdbc4.JDBC4Connection@7d3e8655] will not be managed by Spring
==>  Preparing: SELECT COUNT(*) AS total FROM product WHERE deleted = 0 AND (status = ?)
==> Parameters: 1(Integer)
<==    Columns: total
<==        Row: 105
<==      Total: 1
==>  Preparing: SELECT id,name,category,origin,spec,price,stock,batch_no,image_url,description,trace_level,deleted,status,create_time,update_time FROM product WHERE deleted=0 AND (status = ?) ORDER BY create_time DESC LIMIT ?
==> Parameters: 1(Integer), 12(Long)
<==    Columns: id, name, category, origin, spec, price, stock, batch_no, image_url, description, trace_level, deleted, status, create_time, update_time
<==        Row: 8, 陕西洛川苹果, 水果, 陕西延安, 5kg/箱, 42, 613, BATCH-F-007, null, 陕西延安陕西洛川苹果，全程溯源可查，品质保障。, AA, 0, 1, 2026-07-14T19:22:52, 2026-07-14T19:22:52
<==        Row: 2, 五常有机大米, 粮食, 黑龙江五常, 10kg/袋, 89.9, 500, BATCH-G-001, null, 黑龙江五常有机稻花香大米。, AA, 0, 1, 2026-07-14T19:22:35.018, 2026-07-14 11:22:35
<==        Row: 1, 山东红富士苹果, 水果, 山东烟台, 5kg/箱, 49.9, 1000, BATCH-F-001, null, 山东烟台红富士苹果，色泽红润，口感脆甜。, AAA, 0, 1, 2026-07-14T19:22:34.990, 2026-07-14 11:22:34
<==        Row: 3, 新疆库尔勒香梨, 水果, 新疆库尔勒, 4kg/箱, 39.9, 601, BATCH-F-002, null, 新疆库尔勒新疆库尔勒香梨，全程溯源可查，品质保障。, AA, 0, 1, 2026-07-14 19:22:52, 2026-07-14 19:22:52
<==        Row: 4, 四川爱媛果冻橙, 水果, 四川眉山, 5kg/箱, 45, 685, BATCH-F-003, null, 四川眉山四川爱媛果冻橙，全程溯源可查，品质保障。, AA, 0, 1, 2026-07-14 19:22:52, 2026-07-14 19:22:52
<==        Row: 5, 广西武鸣沃柑, 水果, 广西武鸣, 5kg/箱, 35.9, 752, BATCH-F-004, null, 广西武鸣广西武鸣沃柑，全程溯源可查，品质保障。, AA, 0, 1, 2026-07-14 19:22:52, 2026-07-14 19:22:52
<==        Row: 6, 海南金钻凤梨, 水果, 海南海口, 2个/盒, 29.9, 800, BATCH-F-005, null, 海南海口海南金钻凤梨，全程溯源可查，品质保障。, AA, 0, 1, 2026-07-14 19:22:52, 2026-07-14 19:22:52
<==        Row: 7, 云南冰糖橙, 水果, 云南玉溪, 5kg/箱, 38, 598, BATCH-F-006, null, 云南玉溪云南冰糖橙，全程溯源可查，品质保障。, AA, 0, 1, 2026-07-14 19:22:52, 2026-07-14 19:22:52
<==        Row: 9, 浙江仙居杨梅, 水果, 浙江台州, 3kg/箱, 68, 150, BATCH-F-008, null, 浙江台州浙江仙居杨梅，全程溯源可查，品质保障。, AA, 0, 1, 2026-07-14 19:22:52, 2026-07-14 19:22:52
<==        Row: 10, 广东桂味荔枝, 水果, 广东茂名, 3kg/箱, 55, 537, BATCH-F-009, null, 广东茂名广东桂味荔枝，全程溯源可查，品质保障。, AA, 0, 1, 2026-07-14 19:22:52, 2026-07-14 19:22:52
<==        Row: 11, 福建平和蜜柚, 水果, 福建漳州, 2个/袋, 25.9, 756, BATCH-F-010, null, 福建漳州福建平和蜜柚，全程溯源可查，品质保障。, AA, 0, 1, 2026-07-14 19:22:52, 2026-07-14 19:22:52
<==        Row: 12, 新疆哈密瓜, 水果, 新疆吐鲁番, 1个/箱, 32, 371, BATCH-F-011, null, 新疆吐鲁番新疆哈密瓜，全程溯源可查，品质保障。, AA, 0, 1, 2026-07-14 19:22:52, 2026-07-14 19:22:52
<==      Total: 12
Closing non transactional SqlSession [org.apache.ibatis.session.defaults.DefaultSqlSession@1a3707ff]
Creating a new SqlSession
SqlSession [org.apache.ibatis.session.defaults.DefaultSqlSession@142f890b] was not registered for synchronization because synchronization is not active
JDBC Connection [HikariProxyConnection@774221582 wrapping org.sqlite.jdbc4.JDBC4Connection@7d3e8655] will not be managed by Spring
==>  Preparing: SELECT COUNT(*) AS total FROM product WHERE deleted = 0 AND (status = ?)
==> Parameters: 1(Integer)
<==    Columns: total
<==        Row: 105
<==      Total: 1
==>  Preparing: SELECT id,name,category,origin,spec,price,stock,batch_no,image_url,description,trace_level,deleted,status,create_time,update_time FROM product WHERE deleted=0 AND (status = ?) ORDER BY create_time DESC LIMIT ?
==> Parameters: 1(Integer), 12(Long)
<==    Columns: id, name, category, origin, spec, price, stock, batch_no, image_url, description, trace_level, deleted, status, create_time, update_time
<==        Row: 8, 陕西洛川苹果, 水果, 陕西延安, 5kg/箱, 42, 613, BATCH-F-007, null, 陕西延安陕西洛川苹果，全程溯源可查，品质保障。, AA, 0, 1, 2026-07-14T19:22:52, 2026-07-14T19:22:52
<==        Row: 2, 五常有机大米, 粮食, 黑龙江五常, 10kg/袋, 89.9, 500, BATCH-G-001, null, 黑龙江五常有机稻花香大米。, AA, 0, 1, 2026-07-14T19:22:35.018, 2026-07-14 11:22:35
<==        Row: 1, 山东红富士苹果, 水果, 山东烟台, 5kg/箱, 49.9, 1000, BATCH-F-001, null, 山东烟台红富士苹果，色泽红润，口感脆甜。, AAA, 0, 1, 2026-07-14T19:22:34.990, 2026-07-14 11:22:34
<==        Row: 3, 新疆库尔勒香梨, 水果, 新疆库尔勒, 4kg/箱, 39.9, 601, BATCH-F-002, null, 新疆库尔勒新疆库尔勒香梨，全程溯源可查，品质保障。, AA, 0, 1, 2026-07-14 19:22:52, 2026-07-14 19:22:52
<==        Row: 4, 四川爱媛果冻橙, 水果, 四川眉山, 5kg/箱, 45, 685, BATCH-F-003, null, 四川眉山四川爱媛果冻橙，全程溯源可查，品质保障。, AA, 0, 1, 2026-07-14 19:22:52, 2026-07-14 19:22:52
<==        Row: 5, 广西武鸣沃柑, 水果, 广西武鸣, 5kg/箱, 35.9, 752, BATCH-F-004, null, 广西武鸣广西武鸣沃柑，全程溯源可查，品质保障。, AA, 0, 1, 2026-07-14 19:22:52, 2026-07-14 19:22:52
<==        Row: 6, 海南金钻凤梨, 水果, 海南海口, 2个/盒, 29.9, 800, BATCH-F-005, null, 海南海口海南金钻凤梨，全程溯源可查，品质保障。, AA, 0, 1, 2026-07-14 19:22:52, 2026-07-14 19:22:52
<==        Row: 7, 云南冰糖橙, 水果, 云南玉溪, 5kg/箱, 38, 598, BATCH-F-006, null, 云南玉溪云南冰糖橙，全程溯源可查，品质保障。, AA, 0, 1, 2026-07-14 19:22:52, 2026-07-14 19:22:52
<==        Row: 9, 浙江仙居杨梅, 水果, 浙江台州, 3kg/箱, 68, 150, BATCH-F-008, null, 浙江台州浙江仙居杨梅，全程溯源可查，品质保障。, AA, 0, 1, 2026-07-14 19:22:52, 2026-07-14 19:22:52
<==        Row: 10, 广东桂味荔枝, 水果, 广东茂名, 3kg/箱, 55, 537, BATCH-F-009, null, 广东茂名广东桂味荔枝，全程溯源可查，品质保障。, AA, 0, 1, 2026-07-14 19:22:52, 2026-07-14 19:22:52
<==        Row: 11, 福建平和蜜柚, 水果, 福建漳州, 2个/袋, 25.9, 756, BATCH-F-010, null, 福建漳州福建平和蜜柚，全程溯源可查，品质保障。, AA, 0, 1, 2026-07-14 19:22:52, 2026-07-14 19:22:52
<==        Row: 12, 新疆哈密瓜, 水果, 新疆吐鲁番, 1个/箱, 32, 371, BATCH-F-011, null, 新疆吐鲁番新疆哈密瓜，全程溯源可查，品质保障。, AA, 0, 1, 2026-07-14 19:22:52, 2026-07-14 19:22:52
<==      Total: 12
Closing non transactional SqlSession [org.apache.ibatis.session.defaults.DefaultSqlSession@142f890b]
Creating a new SqlSession
SqlSession [org.apache.ibatis.session.defaults.DefaultSqlSession@24d842b6] was not registered for synchronization because synchronization is not active
JDBC Connection [HikariProxyConnection@173589368 wrapping org.sqlite.jdbc4.JDBC4Connection@7d3e8655] will not be managed by Spring
==>  Preparing: SELECT COUNT(*) AS total FROM product WHERE deleted = 0 AND (status = ?)
==> Parameters: 1(Integer)
<==    Columns: total
<==        Row: 105
<==      Total: 1
==>  Preparing: SELECT id,name,category,origin,spec,price,stock,batch_no,image_url,description,trace_level,deleted,status,create_time,update_time FROM product WHERE deleted=0 AND (status = ?) ORDER BY create_time DESC LIMIT ?
==> Parameters: 1(Integer), 12(Long)
<==    Columns: id, name, category, origin, spec, price, stock, batch_no, image_url, description, trace_level, deleted, status, create_time, update_time
<==        Row: 8, 陕西洛川苹果, 水果, 陕西延安, 5kg/箱, 42, 613, BATCH-F-007, null, 陕西延安陕西洛川苹果，全程溯源可查，品质保障。, AA, 0, 1, 2026-07-14T19:22:52, 2026-07-14T19:22:52
<==        Row: 2, 五常有机大米, 粮食, 黑龙江五常, 10kg/袋, 89.9, 500, BATCH-G-001, null, 黑龙江五常有机稻花香大米。, AA, 0, 1, 2026-07-14T19:22:35.018, 2026-07-14 11:22:35
<==        Row: 1, 山东红富士苹果, 水果, 山东烟台, 5kg/箱, 49.9, 1000, BATCH-F-001, null, 山东烟台红富士苹果，色泽红润，口感脆甜。, AAA, 0, 1, 2026-07-14T19:22:34.990, 2026-07-14 11:22:34
<==        Row: 3, 新疆库尔勒香梨, 水果, 新疆库尔勒, 4kg/箱, 39.9, 601, BATCH-F-002, null, 新疆库尔勒新疆库尔勒香梨，全程溯源可查，品质保障。, AA, 0, 1, 2026-07-14 19:22:52, 2026-07-14 19:22:52
<==        Row: 4, 四川爱媛果冻橙, 水果, 四川眉山, 5kg/箱, 45, 685, BATCH-F-003, null, 四川眉山四川爱媛果冻橙，全程溯源可查，品质保障。, AA, 0, 1, 2026-07-14 19:22:52, 2026-07-14 19:22:52
<==        Row: 5, 广西武鸣沃柑, 水果, 广西武鸣, 5kg/箱, 35.9, 752, BATCH-F-004, null, 广西武鸣广西武鸣沃柑，全程溯源可查，品质保障。, AA, 0, 1, 2026-07-14 19:22:52, 2026-07-14 19:22:52
<==        Row: 6, 海南金钻凤梨, 水果, 海南海口, 2个/盒, 29.9, 800, BATCH-F-005, null, 海南海口海南金钻凤梨，全程溯源可查，品质保障。, AA, 0, 1, 2026-07-14 19:22:52, 2026-07-14 19:22:52
<==        Row: 7, 云南冰糖橙, 水果, 云南玉溪, 5kg/箱, 38, 598, BATCH-F-006, null, 云南玉溪云南冰糖橙，全程溯源可查，品质保障。, AA, 0, 1, 2026-07-14 19:22:52, 2026-07-14 19:22:52
<==        Row: 9, 浙江仙居杨梅, 水果, 浙江台州, 3kg/箱, 68, 150, BATCH-F-008, null, 浙江台州浙江仙居杨梅，全程溯源可查，品质保障。, AA, 0, 1, 2026-07-14 19:22:52, 2026-07-14 19:22:52
<==        Row: 10, 广东桂味荔枝, 水果, 广东茂名, 3kg/箱, 55, 537, BATCH-F-009, null, 广东茂名广东桂味荔枝，全程溯源可查，品质保障。, AA, 0, 1, 2026-07-14 19:22:52, 2026-07-14 19:22:52
<==        Row: 11, 福建平和蜜柚, 水果, 福建漳州, 2个/袋, 25.9, 756, BATCH-F-010, null, 福建漳州福建平和蜜柚，全程溯源可查，品质保障。, AA, 0, 1, 2026-07-14 19:22:52, 2026-07-14 19:22:52
<==        Row: 12, 新疆哈密瓜, 水果, 新疆吐鲁番, 1个/箱, 32, 371, BATCH-F-011, null, 新疆吐鲁番新疆哈密瓜，全程溯源可查，品质保障。, AA, 0, 1, 2026-07-14 19:22:52, 2026-07-14 19:22:52
<==      Total: 12
Closing non transactional SqlSession [org.apache.ibatis.session.defaults.DefaultSqlSession@24d842b6]
Creating a new SqlSession
SqlSession [org.apache.ibatis.session.defaults.DefaultSqlSession@66d29ac1] was not registered for synchronization because synchronization is not active
JDBC Connection [HikariProxyConnection@1467931012 wrapping org.sqlite.jdbc4.JDBC4Connection@7d3e8655] will not be managed by Spring
==>  Preparing: SELECT COUNT(*) AS total FROM product WHERE deleted = 0 AND (status = ?)
==> Parameters: 1(Integer)
<==    Columns: total
<==        Row: 105
<==      Total: 1
==>  Preparing: SELECT id,name,category,origin,spec,price,stock,batch_no,image_url,description,trace_level,deleted,status,create_time,update_time FROM product WHERE deleted=0 AND (status = ?) ORDER BY create_time DESC LIMIT ?
==> Parameters: 1(Integer), 12(Long)
<==    Columns: id, name, category, origin, spec, price, stock, batch_no, image_url, description, trace_level, deleted, status, create_time, update_time
<==        Row: 8, 陕西洛川苹果, 水果, 陕西延安, 5kg/箱, 42, 613, BATCH-F-007, null, 陕西延安陕西洛川苹果，全程溯源可查，品质保障。, AA, 0, 1, 2026-07-14T19:22:52, 2026-07-14T19:22:52
<==        Row: 2, 五常有机大米, 粮食, 黑龙江五常, 10kg/袋, 89.9, 500, BATCH-G-001, null, 黑龙江五常有机稻花香大米。, AA, 0, 1, 2026-07-14T19:22:35.018, 2026-07-14 11:22:35
<==        Row: 1, 山东红富士苹果, 水果, 山东烟台, 5kg/箱, 49.9, 1000, BATCH-F-001, null, 山东烟台红富士苹果，色泽红润，口感脆甜。, AAA, 0, 1, 2026-07-14T19:22:34.990, 2026-07-14 11:22:34
<==        Row: 3, 新疆库尔勒香梨, 水果, 新疆库尔勒, 4kg/箱, 39.9, 601, BATCH-F-002, null, 新疆库尔勒新疆库尔勒香梨，全程溯源可查，品质保障。, AA, 0, 1, 2026-07-14 19:22:52, 2026-07-14 19:22:52
<==        Row: 4, 四川爱媛果冻橙, 水果, 四川眉山, 5kg/箱, 45, 685, BATCH-F-003, null, 四川眉山四川爱媛果冻橙，全程溯源可查，品质保障。, AA, 0, 1, 2026-07-14 19:22:52, 2026-07-14 19:22:52
<==        Row: 5, 广西武鸣沃柑, 水果, 广西武鸣, 5kg/箱, 35.9, 752, BATCH-F-004, null, 广西武鸣广西武鸣沃柑，全程溯源可查，品质保障。, AA, 0, 1, 2026-07-14 19:22:52, 2026-07-14 19:22:52
<==        Row: 6, 海南金钻凤梨, 水果, 海南海口, 2个/盒, 29.9, 800, BATCH-F-005, null, 海南海口海南金钻凤梨，全程溯源可查，品质保障。, AA, 0, 1, 2026-07-14 19:22:52, 2026-07-14 19:22:52
<==        Row: 7, 云南冰糖橙, 水果, 云南玉溪, 5kg/箱, 38, 598, BATCH-F-006, null, 云南玉溪云南冰糖橙，全程溯源可查，品质保障。, AA, 0, 1, 2026-07-14 19:22:52, 2026-07-14 19:22:52
<==        Row: 9, 浙江仙居杨梅, 水果, 浙江台州, 3kg/箱, 68, 150, BATCH-F-008, null, 浙江台州浙江仙居杨梅，全程溯源可查，品质保障。, AA, 0, 1, 2026-07-14 19:22:52, 2026-07-14 19:22:52
<==        Row: 10, 广东桂味荔枝, 水果, 广东茂名, 3kg/箱, 55, 537, BATCH-F-009, null, 广东茂名广东桂味荔枝，全程溯源可查，品质保障。, AA, 0, 1, 2026-07-14 19:22:52, 2026-07-14 19:22:52
<==        Row: 11, 福建平和蜜柚, 水果, 福建漳州, 2个/袋, 25.9, 756, BATCH-F-010, null, 福建漳州福建平和蜜柚，全程溯源可查，品质保障。, AA, 0, 1, 2026-07-14 19:22:52, 2026-07-14 19:22:52
<==        Row: 12, 新疆哈密瓜, 水果, 新疆吐鲁番, 1个/箱, 32, 371, BATCH-F-011, null, 新疆吐鲁番新疆哈密瓜，全程溯源可查，品质保障。, AA, 0, 1, 2026-07-14 19:22:52, 2026-07-14 19:22:52
<==      Total: 12
Closing non transactional SqlSession [org.apache.ibatis.session.defaults.DefaultSqlSession@66d29ac1]
Creating a new SqlSession
SqlSession [org.apache.ibatis.session.defaults.DefaultSqlSession@41b02889] was not registered for synchronization because synchronization is not active
JDBC Connection [HikariProxyConnection@1263027193 wrapping org.sqlite.jdbc4.JDBC4Connection@7d3e8655] will not be managed by Spring
==>  Preparing: SELECT COUNT(*) AS total FROM product WHERE deleted = 0 AND (status = ?)
==> Parameters: 1(Integer)
<==    Columns: total
<==        Row: 105
<==      Total: 1
==>  Preparing: SELECT id,name,category,origin,spec,price,stock,batch_no,image_url,description,trace_level,deleted,status,create_time,update_time FROM product WHERE deleted=0 AND (status = ?) ORDER BY create_time DESC LIMIT ?
==> Parameters: 1(Integer), 12(Long)
<==    Columns: id, name, category, origin, spec, price, stock, batch_no, image_url, description, trace_level, deleted, status, create_time, update_time
<==        Row: 8, 陕西洛川苹果, 水果, 陕西延安, 5kg/箱, 42, 613, BATCH-F-007, null, 陕西延安陕西洛川苹果，全程溯源可查，品质保障。, AA, 0, 1, 2026-07-14T19:22:52, 2026-07-14T19:22:52
<==        Row: 2, 五常有机大米, 粮食, 黑龙江五常, 10kg/袋, 89.9, 500, BATCH-G-001, null, 黑龙江五常有机稻花香大米。, AA, 0, 1, 2026-07-14T19:22:35.018, 2026-07-14 11:22:35
<==        Row: 1, 山东红富士苹果, 水果, 山东烟台, 5kg/箱, 49.9, 1000, BATCH-F-001, null, 山东烟台红富士苹果，色泽红润，口感脆甜。, AAA, 0, 1, 2026-07-14T19:22:34.990, 2026-07-14 11:22:34
<==        Row: 3, 新疆库尔勒香梨, 水果, 新疆库尔勒, 4kg/箱, 39.9, 601, BATCH-F-002, null, 新疆库尔勒新疆库尔勒香梨，全程溯源可查，品质保障。, AA, 0, 1, 2026-07-14 19:22:52, 2026-07-14 19:22:52
<==        Row: 4, 四川爱媛果冻橙, 水果, 四川眉山, 5kg/箱, 45, 685, BATCH-F-003, null, 四川眉山四川爱媛果冻橙，全程溯源可查，品质保障。, AA, 0, 1, 2026-07-14 19:22:52, 2026-07-14 19:22:52
<==        Row: 5, 广西武鸣沃柑, 水果, 广西武鸣, 5kg/箱, 35.9, 752, BATCH-F-004, null, 广西武鸣广西武鸣沃柑，全程溯源可查，品质保障。, AA, 0, 1, 2026-07-14 19:22:52, 2026-07-14 19:22:52
<==        Row: 6, 海南金钻凤梨, 水果, 海南海口, 2个/盒, 29.9, 800, BATCH-F-005, null, 海南海口海南金钻凤梨，全程溯源可查，品质保障。, AA, 0, 1, 2026-07-14 19:22:52, 2026-07-14 19:22:52
<==        Row: 7, 云南冰糖橙, 水果, 云南玉溪, 5kg/箱, 38, 598, BATCH-F-006, null, 云南玉溪云南冰糖橙，全程溯源可查，品质保障。, AA, 0, 1, 2026-07-14 19:22:52, 2026-07-14 19:22:52
<==        Row: 9, 浙江仙居杨梅, 水果, 浙江台州, 3kg/箱, 68, 150, BATCH-F-008, null, 浙江台州浙江仙居杨梅，全程溯源可查，品质保障。, AA, 0, 1, 2026-07-14 19:22:52, 2026-07-14 19:22:52
<==        Row: 10, 广东桂味荔枝, 水果, 广东茂名, 3kg/箱, 55, 537, BATCH-F-009, null, 广东茂名广东桂味荔枝，全程溯源可查，品质保障。, AA, 0, 1, 2026-07-14 19:22:52, 2026-07-14 19:22:52
<==        Row: 11, 福建平和蜜柚, 水果, 福建漳州, 2个/袋, 25.9, 756, BATCH-F-010, null, 福建漳州福建平和蜜柚，全程溯源可查，品质保障。, AA, 0, 1, 2026-07-14 19:22:52, 2026-07-14 19:22:52
<==        Row: 12, 新疆哈密瓜, 水果, 新疆吐鲁番, 1个/箱, 32, 371, BATCH-F-011, null, 新疆吐鲁番新疆哈密瓜，全程溯源可查，品质保障。, AA, 0, 1, 2026-07-14 19:22:52, 2026-07-14 19:22:52
<==      Total: 12
Closing non transactional SqlSession [org.apache.ibatis.session.defaults.DefaultSqlSession@41b02889]
Creating a new SqlSession
SqlSession [org.apache.ibatis.session.defaults.DefaultSqlSession@7474a44a] was not registered for synchronization because synchronization is not active
JDBC Connection [HikariProxyConnection@1059029473 wrapping org.sqlite.jdbc4.JDBC4Connection@7d3e8655] will not be managed by Spring
==>  Preparing: SELECT * FROM user WHERE username = ? AND deleted = 0
==> Parameters: user(String)
<==    Columns: id, username, password, real_name, phone, role, avatar, deleted, create_time, update_time
<==        Row: 2, user, $2a$10$Fo/92T5R0ZczT2tPvh37oudP52w0hka1eEFK.0C7tCDEYvM2viU/6, 测试消费者, null, CONSUMER, null, 0, 2026-07-14T19:22:34.859, 2026-07-14 11:22:34
<==      Total: 1
Closing non transactional SqlSession [org.apache.ibatis.session.defaults.DefaultSqlSession@7474a44a]
Creating a new SqlSession
SqlSession [org.apache.ibatis.session.defaults.DefaultSqlSession@5e843b86] was not registered for synchronization because synchronization is not active
JDBC Connection [HikariProxyConnection@743216427 wrapping org.sqlite.jdbc4.JDBC4Connection@7d3e8655] will not be managed by Spring
==>  Preparing: SELECT COUNT(*) AS total FROM product WHERE deleted = 0 AND (status = ?)
==> Parameters: 1(Integer)
<==    Columns: total
<==        Row: 105
<==      Total: 1
==>  Preparing: SELECT id,name,category,origin,spec,price,stock,batch_no,image_url,description,trace_level,deleted,status,create_time,update_time FROM product WHERE deleted=0 AND (status = ?) ORDER BY create_time DESC LIMIT ?
==> Parameters: 1(Integer), 12(Long)
<==    Columns: id, name, category, origin, spec, price, stock, batch_no, image_url, description, trace_level, deleted, status, create_time, update_time
<==        Row: 8, 陕西洛川苹果, 水果, 陕西延安, 5kg/箱, 42, 613, BATCH-F-007, null, 陕西延安陕西洛川苹果，全程溯源可查，品质保障。, AA, 0, 1, 2026-07-14T19:22:52, 2026-07-14T19:22:52
<==        Row: 2, 五常有机大米, 粮食, 黑龙江五常, 10kg/袋, 89.9, 500, BATCH-G-001, null, 黑龙江五常有机稻花香大米。, AA, 0, 1, 2026-07-14T19:22:35.018, 2026-07-14 11:22:35
<==        Row: 1, 山东红富士苹果, 水果, 山东烟台, 5kg/箱, 49.9, 1000, BATCH-F-001, null, 山东烟台红富士苹果，色泽红润，口感脆甜。, AAA, 0, 1, 2026-07-14T19:22:34.990, 2026-07-14 11:22:34
<==        Row: 3, 新疆库尔勒香梨, 水果, 新疆库尔勒, 4kg/箱, 39.9, 601, BATCH-F-002, null, 新疆库尔勒新疆库尔勒香梨，全程溯源可查，品质保障。, AA, 0, 1, 2026-07-14 19:22:52, 2026-07-14 19:22:52
<==        Row: 4, 四川爱媛果冻橙, 水果, 四川眉山, 5kg/箱, 45, 685, BATCH-F-003, null, 四川眉山四川爱媛果冻橙，全程溯源可查，品质保障。, AA, 0, 1, 2026-07-14 19:22:52, 2026-07-14 19:22:52
<==        Row: 5, 广西武鸣沃柑, 水果, 广西武鸣, 5kg/箱, 35.9, 752, BATCH-F-004, null, 广西武鸣广西武鸣沃柑，全程溯源可查，品质保障。, AA, 0, 1, 2026-07-14 19:22:52, 2026-07-14 19:22:52
<==        Row: 6, 海南金钻凤梨, 水果, 海南海口, 2个/盒, 29.9, 800, BATCH-F-005, null, 海南海口海南金钻凤梨，全程溯源可查，品质保障。, AA, 0, 1, 2026-07-14 19:22:52, 2026-07-14 19:22:52
<==        Row: 7, 云南冰糖橙, 水果, 云南玉溪, 5kg/箱, 38, 598, BATCH-F-006, null, 云南玉溪云南冰糖橙，全程溯源可查，品质保障。, AA, 0, 1, 2026-07-14 19:22:52, 2026-07-14 19:22:52
<==        Row: 9, 浙江仙居杨梅, 水果, 浙江台州, 3kg/箱, 68, 150, BATCH-F-008, null, 浙江台州浙江仙居杨梅，全程溯源可查，品质保障。, AA, 0, 1, 2026-07-14 19:22:52, 2026-07-14 19:22:52
<==        Row: 10, 广东桂味荔枝, 水果, 广东茂名, 3kg/箱, 55, 537, BATCH-F-009, null, 广东茂名广东桂味荔枝，全程溯源可查，品质保障。, AA, 0, 1, 2026-07-14 19:22:52, 2026-07-14 19:22:52
<==        Row: 11, 福建平和蜜柚, 水果, 福建漳州, 2个/袋, 25.9, 756, BATCH-F-010, null, 福建漳州福建平和蜜柚，全程溯源可查，品质保障。, AA, 0, 1, 2026-07-14 19:22:52, 2026-07-14 19:22:52
<==        Row: 12, 新疆哈密瓜, 水果, 新疆吐鲁番, 1个/箱, 32, 371, BATCH-F-011, null, 新疆吐鲁番新疆哈密瓜，全程溯源可查，品质保障。, AA, 0, 1, 2026-07-14 19:22:52, 2026-07-14 19:22:52
<==      Total: 12
Closing non transactional SqlSession [org.apache.ibatis.session.defaults.DefaultSqlSession@5e843b86]
Creating a new SqlSession
SqlSession [org.apache.ibatis.session.defaults.DefaultSqlSession@b1ee1f] was not registered for synchronization because synchronization is not active
JDBC Connection [HikariProxyConnection@1913757853 wrapping org.sqlite.jdbc4.JDBC4Connection@7d3e8655] will not be managed by Spring
==>  Preparing: SELECT id,name,category,origin,spec,price,stock,batch_no,image_url,description,trace_level,deleted,status,create_time,update_time FROM product WHERE id=? AND deleted=0
==> Parameters: 2(Long)
<==    Columns: id, name, category, origin, spec, price, stock, batch_no, image_url, description, trace_level, deleted, status, create_time, update_time
<==        Row: 2, 五常有机大米, 粮食, 黑龙江五常, 10kg/袋, 89.9, 500, BATCH-G-001, null, 黑龙江五常有机稻花香大米。, AA, 0, 1, 2026-07-14T19:22:35.018, 2026-07-14 11:22:35
<==      Total: 1
Closing non transactional SqlSession [org.apache.ibatis.session.defaults.DefaultSqlSession@b1ee1f]
Creating a new SqlSession
SqlSession [org.apache.ibatis.session.defaults.DefaultSqlSession@7264482f] was not registered for synchronization because synchronization is not active
JDBC Connection [HikariProxyConnection@503651813 wrapping org.sqlite.jdbc4.JDBC4Connection@7d3e8655] will not be managed by Spring
==>  Preparing: SELECT * FROM batch WHERE batch_no = ?
==> Parameters: BATCH-G-001(String)
<==    Columns: id, batch_no, product_id, produce_date, harvest_date, quantity, farm_address, farm_area, soil_type, create_time
<==        Row: 2, BATCH-G-001, 2, 2026-04-01, 2026-06-15, 3000, 黑龙江省五常市龙凤山镇, 80亩, 黑土, 2026-07-14T19:22:35.021
<==      Total: 1
Closing non transactional SqlSession [org.apache.ibatis.session.defaults.DefaultSqlSession@7264482f]
Creating a new SqlSession
SqlSession [org.apache.ibatis.session.defaults.DefaultSqlSession@23dc585] was not registered for synchronization because synchronization is not active
JDBC Connection [HikariProxyConnection@460829487 wrapping org.sqlite.jdbc4.JDBC4Connection@7d3e8655] will not be managed by Spring
==>  Preparing: SELECT * FROM trace_record WHERE batch_id = ? ORDER BY record_time ASC
==> Parameters: 2(Long)
<==    Columns: id, batch_id, record_type, record_time, operator, content, detail, attachment, create_time
<==        Row: 4, 2, 种植, 2026-04-01, null, 有机水稻种植, null, null, 2026-07-14T19:22:35.025
<==        Row: 5, 2, 采收, 2026-06-15, null, 联合收割机采收, null, null, 2026-07-14T19:22:35.028
<==      Total: 2
Closing non transactional SqlSession [org.apache.ibatis.session.defaults.DefaultSqlSession@23dc585]
Creating a new SqlSession
SqlSession [org.apache.ibatis.session.defaults.DefaultSqlSession@4b82a55e] was not registered for synchronization because synchronization is not active
JDBC Connection [HikariProxyConnection@2103337982 wrapping org.sqlite.jdbc4.JDBC4Connection@7d3e8655] will not be managed by Spring
==>  Preparing: SELECT * FROM pesticide_report WHERE batch_id = ?
==> Parameters: 2(Long)
<==    Columns: id, batch_id, report_no, test_date, test_organization, item_name, result, standard_limit, unit, is_compliant, create_time
<==        Row: 3, 2, REP-1784028155031, 2026-07-14, 农业农村部农产品质检中心, 毒死蜱, 未检出, 0.05, mg/kg, 1, 2026-07-14T19:22:35.031
<==      Total: 1
Closing non transactional SqlSession [org.apache.ibatis.session.defaults.DefaultSqlSession@4b82a55e]
2026-07-15 10:34:11.207  INFO 28452 --- [nio-8080-exec-3] c.agri.trace.agent.MainCoordinatorAgent  : 工具 trace_query 调用成功
Creating a new SqlSession
SqlSession [org.apache.ibatis.session.defaults.DefaultSqlSession@1123803d] was not registered for synchronization because synchronization is not active
JDBC Connection [HikariProxyConnection@929806333 wrapping org.sqlite.jdbc4.JDBC4Connection@7d3e8655] will not be managed by Spring
==>  Preparing: SELECT * FROM batch WHERE batch_no = ?
==> Parameters: BATCH-G-001(String)
<==    Columns: id, batch_no, product_id, produce_date, harvest_date, quantity, farm_address, farm_area, soil_type, create_time
<==        Row: 2, BATCH-G-001, 2, 2026-04-01, 2026-06-15, 3000, 黑龙江省五常市龙凤山镇, 80亩, 黑土, 2026-07-14T19:22:35.021
<==      Total: 1
Closing non transactional SqlSession [org.apache.ibatis.session.defaults.DefaultSqlSession@1123803d]
Creating a new SqlSession
SqlSession [org.apache.ibatis.session.defaults.DefaultSqlSession@691d4c1b] was not registered for synchronization because synchronization is not active
JDBC Connection [HikariProxyConnection@1733460821 wrapping org.sqlite.jdbc4.JDBC4Connection@7d3e8655] will not be managed by Spring
==>  Preparing: SELECT * FROM pesticide_report WHERE batch_id = ?
==> Parameters: 2(Long)
<==    Columns: id, batch_id, report_no, test_date, test_organization, item_name, result, standard_limit, unit, is_compliant, create_time
<==        Row: 3, 2, REP-1784028155031, 2026-07-14, 农业农村部农产品质检中心, 毒死蜱, 未检出, 0.05, mg/kg, 1, 2026-07-14T19:22:35.031
<==      Total: 1
Closing non transactional SqlSession [org.apache.ibatis.session.defaults.DefaultSqlSession@691d4c1b]
2026-07-15 10:34:11.216  INFO 28452 --- [nio-8080-exec-3] c.agri.trace.agent.MainCoordinatorAgent  : 工具 pesticide_analyze 调用成功
Creating a new SqlSession
SqlSession [org.apache.ibatis.session.defaults.DefaultSqlSession@6afdd5ea] was not registered for synchronization because synchronization is not active
JDBC Connection [HikariProxyConnection@4412183 wrapping org.sqlite.jdbc4.JDBC4Connection@7d3e8655] will not be managed by Spring
==>  Preparing: SELECT id,title,content,category,source,upload_time FROM knowledge_doc
==> Parameters: 
<==    Columns: id, title, content, category, source, upload_time
<==        Row: 1, GB 2763-2021 食品中农药最大残留限量, GB 2763-2021规定了食品中农药的最大残留限量。水果类：毒死蜱≤0.05mg/kg，多菌灵≤0.10mg/kg。蔬菜类：毒死蜱≤0.05mg/kg。粮食类：毒死蜱≤0.05mg/kg。茶叶类：联苯菊酯≤0.01mg/kg。, 法规, null, 2026-07-14 11:22:35
<==        Row: 2, GB 14881-2013 食品生产通用卫生规范, GB 14881规定了食品生产过程中原料采购、加工、包装、贮存和运输等环节的卫生要求。, 法规, null, 2026-07-14 11:22:35
<==      Total: 2
Closing non transactional SqlSession [org.apache.ibatis.session.defaults.DefaultSqlSession@6afdd5ea]
Creating a new SqlSession
SqlSession [org.apache.ibatis.session.defaults.DefaultSqlSession@33dba90] was not registered for synchronization because synchronization is not active
JDBC Connection [HikariProxyConnection@1879497097 wrapping org.sqlite.jdbc4.JDBC4Connection@7d3e8655] will not be managed by Spring
==>  Preparing: SELECT id,name,category,origin,spec,price,stock,batch_no,image_url,description,trace_level,deleted,status,create_time,update_time FROM product WHERE deleted=0
==> Parameters: 
<==    Columns: id, name, category, origin, spec, price, stock, batch_no, image_url, description, trace_level, deleted, status, create_time, update_time
<==        Row: 1, 山东红富士苹果, 水果, 山东烟台, 5kg/箱, 49.9, 1000, BATCH-F-001, null, 山东烟台红富士苹果，色泽红润，口感脆甜。, AAA, 0, 1, 2026-07-14T19:22:34.990, 2026-07-14 11:22:34
<==        Row: 2, 五常有机大米, 粮食, 黑龙江五常, 10kg/袋, 89.9, 500, BATCH-G-001, null, 黑龙江五常有机稻花香大米。, AA, 0, 1, 2026-07-14T19:22:35.018, 2026-07-14 11:22:35
<==        Row: 3, 新疆库尔勒香梨, 水果, 新疆库尔勒, 4kg/箱, 39.9, 601, BATCH-F-002, null, 新疆库尔勒新疆库尔勒香梨，全程溯源可查，品质保障。, AA, 0, 1, 2026-07-14 19:22:52, 2026-07-14 19:22:52
<==        Row: 4, 四川爱媛果冻橙, 水果, 四川眉山, 5kg/箱, 45, 685, BATCH-F-003, null, 四川眉山四川爱媛果冻橙，全程溯源可查，品质保障。, AA, 0, 1, 2026-07-14 19:22:52, 2026-07-14 19:22:52
<==        Row: 5, 广西武鸣沃柑, 水果, 广西武鸣, 5kg/箱, 35.9, 752, BATCH-F-004, null, 广西武鸣广西武鸣沃柑，全程溯源可查，品质保障。, AA, 0, 1, 2026-07-14 19:22:52, 2026-07-14 19:22:52
<==        Row: 6, 海南金钻凤梨, 水果, 海南海口, 2个/盒, 29.9, 800, BATCH-F-005, null, 海南海口海南金钻凤梨，全程溯源可查，品质保障。, AA, 0, 1, 2026-07-14 19:22:52, 2026-07-14 19:22:52
<==        Row: 7, 云南冰糖橙, 水果, 云南玉溪, 5kg/箱, 38, 598, BATCH-F-006, null, 云南玉溪云南冰糖橙，全程溯源可查，品质保障。, AA, 0, 1, 2026-07-14 19:22:52, 2026-07-14 19:22:52
<==        Row: 8, 陕西洛川苹果, 水果, 陕西延安, 5kg/箱, 42, 613, BATCH-F-007, null, 陕西延安陕西洛川苹果，全程溯源可查，品质保障。, AA, 0, 1, 2026-07-14T19:22:52, 2026-07-14T19:22:52
<==        Row: 9, 浙江仙居杨梅, 水果, 浙江台州, 3kg/箱, 68, 150, BATCH-F-008, null, 浙江台州浙江仙居杨梅，全程溯源可查，品质保障。, AA, 0, 1, 2026-07-14 19:22:52, 2026-07-14 19:22:52
<==        Row: 10, 广东桂味荔枝, 水果, 广东茂名, 3kg/箱, 55, 537, BATCH-F-009, null, 广东茂名广东桂味荔枝，全程溯源可查，品质保障。, AA, 0, 1, 2026-07-14 19:22:52, 2026-07-14 19:22:52
<==        Row: 11, 福建平和蜜柚, 水果, 福建漳州, 2个/袋, 25.9, 756, BATCH-F-010, null, 福建漳州福建平和蜜柚，全程溯源可查，品质保障。, AA, 0, 1, 2026-07-14 19:22:52, 2026-07-14 19:22:52
<==        Row: 12, 新疆哈密瓜, 水果, 新疆吐鲁番, 1个/箱, 32, 371, BATCH-F-011, null, 新疆吐鲁番新疆哈密瓜，全程溯源可查，品质保障。, AA, 0, 1, 2026-07-14 19:22:52, 2026-07-14 19:22:52
<==        Row: 13, 辽宁巨峰葡萄, 水果, 辽宁大连, 2.5kg/箱, 48, 643, BATCH-F-012, null, 辽宁大连辽宁巨峰葡萄，全程溯源可查，品质保障。, AA, 0, 1, 2026-07-14 19:22:52, 2026-07-14 19:22:52
<==        Row: 14, 河北赵县雪梨, 水果, 河北赵县, 5kg/箱, 28, 705, BATCH-F-013, null, 河北赵县河北赵县雪梨，全程溯源可查，品质保障。, AA, 0, 1, 2026-07-14 19:22:52, 2026-07-14 19:22:52
<==        Row: 15, 江西赣南脐橙, 水果, 江西赣州, 5kg/箱, 42, 398, BATCH-F-014, null, 江西赣州江西赣南脐橙，全程溯源可查，品质保障。, AA, 0, 1, 2026-07-14 19:22:52, 2026-07-14 19:22:52
<==        Row: 16, 甘肃花牛苹果, 水果, 甘肃天水, 5kg/箱, 36, 700, BATCH-F-015, null, 甘肃天水甘肃花牛苹果，全程溯源可查，品质保障。, AA, 0, 1, 2026-07-14 19:22:52, 2026-07-14 19:22:52
<==        Row: 17, 广西百香果, 水果, 广西玉林, 2.5kg/箱, 33, 653, BATCH-F-016, null, 广西玉林广西百香果，全程溯源可查，品质保障。, AA, 0, 1, 2026-07-14 19:22:52, 2026-07-14 19:22:52
<==        Row: 18, 海南三亚芒果, 水果, 海南三亚, 3kg/箱, 45, 663, BATCH-F-017, null, 海南三亚海南三亚芒果，全程溯源可查，品质保障。, AA, 0, 1, 2026-07-14 19:22:52, 2026-07-14 19:22:52
<==        Row: 19, 山东大樱桃, 水果, 山东烟台, 2kg/箱, 78, 504, BATCH-F-018, null, 山东烟台山东大樱桃，全程溯源可查，品质保障。, AA, 0, 1, 2026-07-14 19:22:52, 2026-07-14 19:22:52
<==        Row: 20, 福建东魁杨梅, 水果, 福建龙海, 2.5kg/箱, 58, 339, BATCH-F-019, null, 福建龙海福建东魁杨梅，全程溯源可查，品质保障。, AA, 0, 1, 2026-07-14 19:22:52, 2026-07-14 19:22:52
<==        Row: 21, 云南澄江蓝莓, 水果, 云南澄江, 12盒/箱, 88, 451, BATCH-F-020, null, 云南澄江云南澄江蓝莓，全程溯源可查，品质保障。, AA, 0, 1, 2026-07-14 19:22:52, 2026-07-14 19:22:52
<==        Row: 22, 海南凤梨释迦, 水果, 海南乐东, 2个/盒, 69, 546, BATCH-F-021, null, 海南乐东海南凤梨释迦，全程溯源可查，品质保障。, AA, 0, 1, 2026-07-14 19:22:52, 2026-07-14 19:22:52
<==        Row: 23, 云南有机蔬菜礼盒, 蔬菜, 云南昆明, 3kg/盒, 68, 740, BATCH-V-001, null, 云南昆明云南有机蔬菜礼盒，全程溯源可查，品质保障。, AA, 0, 1, 2026-07-14 19:22:52, 2026-07-14 19:22:52
<==        Row: 24, 山东章丘大葱, 蔬菜, 山东济南, 2kg/把, 12.9, 158, BATCH-V-002, null, 山东济南山东章丘大葱，全程溯源可查，品质保障。, AA, 0, 1, 2026-07-14 19:22:52, 2026-07-14 19:22:52
<==        Row: 25, 河南铁棍山药, 蔬菜, 河南焦作, 2kg/箱, 28, 334, BATCH-V-003, null, 河南焦作河南铁棍山药，全程溯源可查，品质保障。, AA, 0, 1, 2026-07-14 19:22:52, 2026-07-14 19:22:52
<==        Row: 26, 寿光新鲜黄瓜, 蔬菜, 山东潍坊, 1.5kg/袋, 9.9, 669, BATCH-V-004, null, 山东潍坊寿光新鲜黄瓜，全程溯源可查，品质保障。, AA, 0, 1, 2026-07-14 19:22:52, 2026-07-14 19:22:52
<==        Row: 27, 甘肃兰州百合, 蔬菜, 甘肃兰州, 500g/袋, 35, 599, BATCH-V-005, null, 甘肃兰州甘肃兰州百合，全程溯源可查，品质保障。, AA, 0, 1, 2026-07-14 19:22:52, 2026-07-14 19:22:52
<==        Row: 28, 福建古田鲜银耳, 蔬菜, 福建宁德, 300g/袋, 22, 631, BATCH-V-006, null, 福建宁德福建古田鲜银耳，全程溯源可查，品质保障。, AA, 0, 1, 2026-07-14 19:22:52, 2026-07-14 19:22:52
<==        Row: 29, 四川儿菜, 蔬菜, 四川成都, 2kg/袋, 13, 254, BATCH-V-007, null, 四川成都四川儿菜，全程溯源可查，品质保障。, AA, 0, 1, 2026-07-14 19:22:52, 2026-07-14 19:22:52
<==        Row: 30, 东北黑木耳, 蔬菜, 黑龙江牡丹江, 250g/袋, 32, 487, BATCH-V-008, null, 黑龙江牡丹江东北黑木耳，全程溯源可查，品质保障。, AA, 0, 1, 2026-07-14 19:22:52, 2026-07-14 19:22:52
<==        Row: 31, 云南香格里拉松茸, 蔬菜, 云南香格里拉, 500g/盒, 168, 532, BATCH-V-009, null, 云南香格里拉云南香格里拉松茸，全程溯源可查，品质保障。, AA, 0, 1, 2026-07-14 19:22:52, 2026-07-14 19:22:52
<==        Row: 32, 湖南洞庭湖莲藕, 蔬菜, 湖南洞庭湖, 2.5kg/袋, 15, 341, BATCH-V-010, null, 湖南洞庭湖湖南洞庭湖莲藕，全程溯源可查，品质保障。, AA, 0, 1, 2026-07-14 19:22:52, 2026-07-14 19:22:52
<==        Row: 33, 海南有机番茄, 蔬菜, 海南三亚, 2kg/袋, 14.9, 741, BATCH-V-011, null, 海南三亚海南有机番茄，全程溯源可查，品质保障。, AA, 0, 1, 2026-07-14 19:22:52, 2026-07-14 19:22:52
<==        Row: 34, 山东紫甘蓝, 蔬菜, 山东临沂, 1个/袋, 6.5, 714, BATCH-V-012, null, 山东临沂山东紫甘蓝，全程溯源可查，品质保障。, AA, 0, 1, 2026-07-14 19:22:52, 2026-07-14 19:22:52
<==        Row: 35, 云南甜玉米, 蔬菜, 云南西双版纳, 5根/袋, 15, 494, BATCH-V-013, null, 云南西双版纳云南甜玉米，全程溯源可查，品质保障。, AA, 0, 1, 2026-07-14 19:22:52, 2026-07-14 19:22:52
<==        Row: 36, 河北平泉香菇, 蔬菜, 河北承德, 500g/盒, 18, 492, BATCH-V-014, null, 河北承德河北平泉香菇，全程溯源可查，品质保障。, AA, 0, 1, 2026-07-14 19:22:52, 2026-07-14 19:22:52
<==        Row: 37, 浙江杭州雷笋, 蔬菜, 浙江杭州, 1.5kg/袋, 22, 419, BATCH-V-015, null, 浙江杭州浙江杭州雷笋，全程溯源可查，品质保障。, AA, 0, 1, 2026-07-14 19:22:52, 2026-07-14 19:22:52
<==        Row: 38, 广东菜心, 蔬菜, 广东清远, 500g/把, 6, 727, BATCH-V-016, null, 广东清远广东菜心，全程溯源可查，品质保障。, AA, 0, 1, 2026-07-14 19:22:52, 2026-07-14 19:22:52
<==        Row: 39, 宁夏菜心, 蔬菜, 宁夏银川, 500g/把, 7.5, 660, BATCH-V-017, null, 宁夏银川宁夏菜心，全程溯源可查，品质保障。, AA, 0, 1, 2026-07-14 19:22:52, 2026-07-14 19:22:52
<==        Row: 40, 江苏徐州芦笋, 蔬菜, 江苏徐州, 500g/盒, 19, 685, BATCH-V-018, null, 江苏徐州江苏徐州芦笋，全程溯源可查，品质保障。, AA, 0, 1, 2026-07-14 19:22:52, 2026-07-14 19:22:52
<==        Row: 41, 山东有机土豆, 蔬菜, 山东滕州, 2.5kg/袋, 11, 554, BATCH-V-019, null, 山东滕州山东有机土豆，全程溯源可查，品质保障。, AA, 0, 1, 2026-07-14 19:22:52, 2026-07-14 19:22:52
<==        Row: 42, 湖南红菜苔, 蔬菜, 湖南长沙, 500g/把, 8, 117, BATCH-V-020, null, 湖南长沙湖南红菜苔，全程溯源可查，品质保障。, AA, 0, 1, 2026-07-14 19:22:52, 2026-07-14 19:22:52
<==        Row: 43, 福建姬松茸, 蔬菜, 福建古田, 300g/盒, 42, 790, BATCH-V-021, null, 福建古田福建姬松茸，全程溯源可查，品质保障。, AA, 0, 1, 2026-07-14 19:22:52, 2026-07-14 19:22:52
<==        Row: 44, 黑龙江珍珠米, 粮食, 黑龙江佳木斯, 10kg/袋, 55, 357, BATCH-G-002, null, 黑龙江佳木斯黑龙江珍珠米，全程溯源可查，品质保障。, AA, 0, 1, 2026-07-14 19:22:52, 2026-07-14 19:22:52
<==        Row: 45, 吉林小町米, 粮食, 吉林长春, 10kg/袋, 62, 180, BATCH-G-003, null, 吉林长春吉林小町米，全程溯源可查，品质保障。, AA, 0, 1, 2026-07-14 19:22:52, 2026-07-14 19:22:52
<==        Row: 46, 辽宁盘锦大米, 粮食, 辽宁盘锦, 10kg/袋, 58, 789, BATCH-G-004, null, 辽宁盘锦辽宁盘锦大米，全程溯源可查，品质保障。, AA, 0, 1, 2026-07-14 19:22:52, 2026-07-14 19:22:52
<==        Row: 47, 山西沁州黄小米, 粮食, 山西长治, 2.5kg/袋, 32, 345, BATCH-G-005, null, 山西长治山西沁州黄小米，全程溯源可查，品质保障。, AA, 0, 1, 2026-07-14 19:22:52, 2026-07-14 19:22:52
<==        Row: 48, 内蒙古燕麦米, 粮食, 内蒙古赤峰, 2kg/袋, 28, 224, BATCH-G-006, null, 内蒙古赤峰内蒙古燕麦米，全程溯源可查，品质保障。, AA, 0, 1, 2026-07-14 19:22:52, 2026-07-14 19:22:52
<==        Row: 49, 河北张家口藜麦, 粮食, 河北张北, 1kg/袋, 35, 340, BATCH-G-007, null, 河北张北河北张家口藜麦，全程溯源可查，品质保障。, AA, 0, 1, 2026-07-14 19:22:52, 2026-07-14 19:22:52
<==        Row: 50, 云南红河紫米, 粮食, 云南红河, 2kg/袋, 38, 682, BATCH-G-008, null, 云南红河云南红河紫米，全程溯源可查，品质保障。, AA, 0, 1, 2026-07-14 19:22:52, 2026-07-14 19:22:52
<==        Row: 51, 山东济宁黑米, 粮食, 山东济宁, 2.5kg/袋, 22, 442, BATCH-G-009, null, 山东济宁山东济宁黑米，全程溯源可查，品质保障。, AA, 0, 1, 2026-07-14 19:22:52, 2026-07-14 19:22:52
<==        Row: 52, 河南周口面粉, 粮食, 河南周口, 5kg/袋, 25, 587, BATCH-G-010, null, 河南周口河南周口面粉，全程溯源可查，品质保障。, AA, 0, 1, 2026-07-14 19:22:52, 2026-07-14 19:22:52
<==        Row: 53, 湖南湘西富硒米, 粮食, 湖南湘西, 5kg/袋, 45, 375, BATCH-G-011, null, 湖南湘西湖南湘西富硒米，全程溯源可查，品质保障。, AA, 0, 1, 2026-07-14 19:22:52, 2026-07-14 19:22:52
<==        Row: 54, 山东玉米糁, 粮食, 山东潍坊, 2kg/袋, 16, 306, BATCH-G-012, null, 山东潍坊山东玉米糁，全程溯源可查，品质保障。, AA, 0, 1, 2026-07-14 19:22:52, 2026-07-14 19:22:52
<==        Row: 55, 陕西榆林荞麦, 粮食, 陕西榆林, 2kg/袋, 24, 404, BATCH-G-013, null, 陕西榆林陕西榆林荞麦，全程溯源可查，品质保障。, AA, 0, 1, 2026-07-14 19:22:52, 2026-07-14 19:22:52
<==        Row: 56, 东北有机黄豆, 粮食, 黑龙江黑河, 2.5kg/袋, 28, 315, BATCH-G-014, null, 黑龙江黑河东北有机黄豆，全程溯源可查，品质保障。, AA, 0, 1, 2026-07-14 19:22:52, 2026-07-14 19:22:52
<==        Row: 57, 内蒙古绿豆, 粮食, 内蒙古通辽, 2kg/袋, 22, 671, BATCH-G-015, null, 内蒙古通辽内蒙古绿豆，全程溯源可查，品质保障。, AA, 0, 1, 2026-07-14 19:22:52, 2026-07-14 19:22:52
<==        Row: 58, 江西宜春红米, 粮食, 江西宜春, 2.5kg/袋, 30, 713, BATCH-G-016, null, 江西宜春江西宜春红米，全程溯源可查，品质保障。, AA, 0, 1, 2026-07-14 19:22:52, 2026-07-14 19:22:52
<==        Row: 59, 贵州黑糯米, 粮食, 贵州黔东南, 2.5kg/袋, 35, 527, BATCH-G-017, null, 贵州黔东南贵州黑糯米，全程溯源可查，品质保障。, AA, 0, 1, 2026-07-14 19:22:52, 2026-07-14 19:22:52
<==        Row: 60, 安徽糯小米, 粮食, 安徽滁州, 2kg/袋, 26, 613, BATCH-G-018, null, 安徽滁州安徽糯小米，全程溯源可查，品质保障。, AA, 0, 1, 2026-07-14 19:22:52, 2026-07-14 19:22:52
<==        Row: 61, 河北莜麦面, 粮食, 河北张家口, 2.5kg/袋, 22, 745, BATCH-G-019, null, 河北张家口河北莜麦面，全程溯源可查，品质保障。, AA, 0, 1, 2026-07-14 19:22:52, 2026-07-14 19:22:52
<==        Row: 62, 新疆鹰嘴豆, 粮食, 新疆木垒, 1kg/袋, 32, 364, BATCH-G-020, null, 新疆木垒新疆鹰嘴豆，全程溯源可查，品质保障。, AA, 0, 1, 2026-07-14 19:22:52, 2026-07-14 19:22:52
<==        Row: 63, 西藏青稞米, 粮食, 西藏日喀则, 2kg/袋, 48, 270, BATCH-G-021, null, 西藏日喀则西藏青稞米，全程溯源可查，品质保障。, AA, 0, 1, 2026-07-14 19:22:52, 2026-07-14 19:22:52
<==        Row: 64, 安溪铁观音（有机）, 茶叶, 福建安溪, 250g/罐, 168, 307, BATCH-T-001, null, 福建安溪安溪铁观音（有机），全程溯源可查，品质保障。, AA, 0, 1, 2026-07-14 19:22:52, 2026-07-14 19:22:52
<==        Row: 65, 西湖龙井, 茶叶, 浙江杭州, 250g/罐, 298, 343, BATCH-T-002, null, 浙江杭州西湖龙井，全程溯源可查，品质保障。, AA, 0, 1, 2026-07-14 19:22:52, 2026-07-14 19:22:52
<==        Row: 66, 云南普洱茶（生）, 茶叶, 云南西双版纳, 357g/饼, 125, 769, BATCH-T-003, null, 云南西双版纳云南普洱茶（生），全程溯源可查，品质保障。, AA, 0, 1, 2026-07-14 19:22:52, 2026-07-14 19:22:52
<==        Row: 67, 云南普洱茶（熟）, 茶叶, 云南临沧, 357g/饼, 138, 587, BATCH-T-004, null, 云南临沧云南普洱茶（熟），全程溯源可查，品质保障。, AA, 0, 1, 2026-07-14 19:22:52, 2026-07-14 19:22:52
<==        Row: 68, 武夷山大红袍, 茶叶, 福建武夷山, 125g/罐, 198, 215, BATCH-T-005, null, 福建武夷山武夷山大红袍，全程溯源可查，品质保障。, AA, 0, 1, 2026-07-14 19:22:52, 2026-07-14 19:22:52
<==        Row: 69, 洞庭碧螺春, 茶叶, 江苏苏州, 250g/罐, 268, 638, BATCH-T-006, null, 江苏苏州洞庭碧螺春，全程溯源可查，品质保障。, AA, 0, 1, 2026-07-14 19:22:52, 2026-07-14 19:22:52
<==        Row: 70, 黄山毛峰, 茶叶, 安徽黄山, 250g/罐, 188, 772, BATCH-T-007, null, 安徽黄山黄山毛峰，全程溯源可查，品质保障。, AA, 0, 1, 2026-07-14 19:22:52, 2026-07-14 19:22:52
<==        Row: 71, 信阳毛尖, 茶叶, 河南信阳, 250g/罐, 158, 486, BATCH-T-008, null, 河南信阳信阳毛尖，全程溯源可查，品质保障。, AA, 0, 1, 2026-07-14 19:22:52, 2026-07-14 19:22:52
<==        Row: 72, 六安瓜片, 茶叶, 安徽六安, 250g/罐, 228, 445, BATCH-T-009, null, 安徽六安六安瓜片，全程溯源可查，品质保障。, AA, 0, 1, 2026-07-14 19:22:52, 2026-07-14 19:22:52
<==        Row: 73, 君山银针, 茶叶, 湖南岳阳, 200g/盒, 268, 295, BATCH-T-010, null, 湖南岳阳君山银针，全程溯源可查，品质保障。, AA, 0, 1, 2026-07-14 19:22:52, 2026-07-14 19:22:52
<==        Row: 74, 福鼎白毫银针, 茶叶, 福建福鼎, 200g/盒, 358, 406, BATCH-T-011, null, 福建福鼎福鼎白毫银针，全程溯源可查，品质保障。, AA, 0, 1, 2026-07-14 19:22:52, 2026-07-14 19:22:52
<==        Row: 75, 安化黑茶, 茶叶, 湖南益阳, 500g/饼, 98, 790, BATCH-T-012, null, 湖南益阳安化黑茶，全程溯源可查，品质保障。, AA, 0, 1, 2026-07-14 19:22:52, 2026-07-14 19:22:52
<==        Row: 76, 祁门红茶, 茶叶, 安徽祁门, 250g/罐, 178, 664, BATCH-T-013, null, 安徽祁门祁门红茶，全程溯源可查，品质保障。, AA, 0, 1, 2026-07-14 19:22:52, 2026-07-14 19:22:52
<==        Row: 77, 正山小种, 茶叶, 福建武夷山, 250g/罐, 198, 456, BATCH-T-014, null, 福建武夷山正山小种，全程溯源可查，品质保障。, AA, 0, 1, 2026-07-14 19:22:52, 2026-07-14 19:22:52
<==        Row: 78, 金骏眉, 茶叶, 福建武夷山, 125g/罐, 388, 355, BATCH-T-015, null, 福建武夷山金骏眉，全程溯源可查，品质保障。, AA, 0, 1, 2026-07-14 19:22:52, 2026-07-14 19:22:52
<==        Row: 79, 四川竹叶青, 茶叶, 四川峨眉山, 200g/盒, 218, 636, BATCH-T-016, null, 四川峨眉山四川竹叶青，全程溯源可查，品质保障。, AA, 0, 1, 2026-07-14 19:22:52, 2026-07-14 19:22:52
<==        Row: 80, 太平猴魁, 茶叶, 安徽黄山, 200g/盒, 248, 294, BATCH-T-017, null, 安徽黄山太平猴魁，全程溯源可查，品质保障。, AA, 0, 1, 2026-07-14 19:22:52, 2026-07-14 19:22:52
<==        Row: 81, 安吉白茶, 茶叶, 浙江安吉, 250g/罐, 198, 765, BATCH-T-018, null, 浙江安吉安吉白茶，全程溯源可查，品质保障。, AA, 0, 1, 2026-07-14 19:22:52, 2026-07-14 19:22:52
<==        Row: 82, 广西六堡茶, 茶叶, 广西梧州, 500g/饼, 108, 264, BATCH-T-019, null, 广西梧州广西六堡茶，全程溯源可查，品质保障。, AA, 0, 1, 2026-07-14 19:22:52, 2026-07-14 19:22:52
<==        Row: 83, 都匀毛尖, 茶叶, 贵州黔南, 250g/罐, 148, 325, BATCH-T-020, null, 贵州黔南都匀毛尖，全程溯源可查，品质保障。, AA, 0, 1, 2026-07-14 19:22:52, 2026-07-14 19:22:52
<==        Row: 84, 台湾冻顶乌龙, 茶叶, 福建漳平, 250g/罐, 228, 670, BATCH-T-021, null, 福建漳平台湾冻顶乌龙，全程溯源可查，品质保障。, AA, 0, 1, 2026-07-14 19:22:52, 2026-07-14 19:22:52
<==        Row: 85, 黑山猪五花肉, 畜禽, 吉林长白山, 500g/盒, 32, 203, BATCH-L-001, null, 吉林长白山黑山猪五花肉，全程溯源可查，品质保障。, AA, 0, 1, 2026-07-14 19:22:52, 2026-07-14 19:22:52
<==        Row: 86, 散养土鸡, 畜禽, 江西泰和, 1只约1.2kg, 68, 633, BATCH-L-002, null, 江西泰和散养土鸡，全程溯源可查，品质保障。, AA, 0, 1, 2026-07-14 19:22:52, 2026-07-14 19:22:52
<==        Row: 87, 生态土鸡蛋, 畜禽, 湖南衡阳, 30枚/盒, 45, 649, BATCH-L-003, null, 湖南衡阳生态土鸡蛋，全程溯源可查，品质保障。, AA, 0, 1, 2026-07-14 19:22:52, 2026-07-14 19:22:52
<==        Row: 88, 宁夏盐池滩羊, 畜禽, 宁夏吴忠, 1kg/盒, 108, 439, BATCH-L-004, null, 宁夏吴忠宁夏盐池滩羊，全程溯源可查，品质保障。, AA, 0, 1, 2026-07-14 19:22:52, 2026-07-14 19:22:52
<==        Row: 89, 内蒙古科尔沁牛, 畜禽, 内蒙古通辽, 1kg/盒, 88, 179, BATCH-L-005, null, 内蒙古通辽内蒙古科尔沁牛，全程溯源可查，品质保障。, AA, 0, 1, 2026-07-14 19:22:52, 2026-07-14 19:22:52
<==        Row: 90, 贵州散养鸭, 畜禽, 贵州六盘水, 1只约1.5kg, 56, 744, BATCH-L-006, null, 贵州六盘水贵州散养鸭，全程溯源可查，品质保障。, AA, 0, 1, 2026-07-14 19:22:52, 2026-07-14 19:22:52
<==        Row: 91, 四川跑山猪排, 畜禽, 四川巴中, 500g/盒, 42, 442, BATCH-L-007, null, 四川巴中四川跑山猪排，全程溯源可查，品质保障。, AA, 0, 1, 2026-07-14 19:22:52, 2026-07-14 19:22:52
<==        Row: 92, 安徽土鸭蛋, 畜禽, 安徽安庆, 20枚/盒, 36, 204, BATCH-L-008, null, 安徽安庆安徽土鸭蛋，全程溯源可查，品质保障。, AA, 0, 1, 2026-07-14 19:22:52, 2026-07-14 19:22:52
<==        Row: 93, 青海牦牛肉, 畜禽, 青海玉树, 1kg/盒, 128, 497, BATCH-L-009, null, 青海玉树青海牦牛肉，全程溯源可查，品质保障。, AA, 0, 1, 2026-07-14 19:22:52, 2026-07-14 19:22:52
<==        Row: 94, 海南文昌鸡, 畜禽, 海南文昌, 1只约1kg, 72, 512, BATCH-L-010, null, 海南文昌海南文昌鸡，全程溯源可查，品质保障。, AA, 0, 1, 2026-07-14 19:22:52, 2026-07-14 19:22:52
<==        Row: 95, 东北笨鹅, 畜禽, 黑龙江绥化, 1只约2kg, 88, 791, BATCH-L-011, null, 黑龙江绥化东北笨鹅，全程溯源可查，品质保障。, AA, 0, 1, 2026-07-14 19:22:52, 2026-07-14 19:22:52
<==        Row: 96, 浙江湖羊, 畜禽, 浙江湖州, 1kg/盒, 98, 210, BATCH-L-012, null, 浙江湖州浙江湖羊，全程溯源可查，品质保障。, AA, 0, 1, 2026-07-14 19:22:52, 2026-07-14 19:22:52
<==        Row: 97, 云南乌骨鸡, 畜禽, 云南楚雄, 1只约1kg, 62, 390, BATCH-L-013, null, 云南楚雄云南乌骨鸡，全程溯源可查，品质保障。, AA, 0, 1, 2026-07-14 19:22:52, 2026-07-14 19:22:52
<==        Row: 98, 山东乳鸽, 畜禽, 山东济南, 2只/盒, 48, 337, BATCH-L-014, null, 山东济南山东乳鸽，全程溯源可查，品质保障。, AA, 0, 1, 2026-07-14 19:22:52, 2026-07-14 19:22:52
<==        Row: 99, 广西巴马香猪, 畜禽, 广西河池, 1kg/盒, 78, 447, BATCH-L-015, null, 广西河池广西巴马香猪，全程溯源可查，品质保障。, AA, 0, 1, 2026-07-14 19:22:52, 2026-07-14 19:22:52
<==        Row: 100, 西藏藏香猪, 畜禽, 西藏林芝, 1kg/盒, 158, 489, BATCH-L-016, null, 西藏林芝西藏藏香猪，全程溯源可查，品质保障。, AA, 0, 1, 2026-07-14 19:22:52, 2026-07-14 19:22:52
<==        Row: 101, 高邮咸鸭蛋, 畜禽, 江苏高邮, 20枚/盒, 42, 279, BATCH-L-017, null, 江苏高邮高邮咸鸭蛋，全程溯源可查，品质保障。, AA, 0, 1, 2026-07-14 19:22:52, 2026-07-14 19:22:52
<==        Row: 102, 福建河田鸡, 畜禽, 福建龙岩, 1只约1.2kg, 65, 285, BATCH-L-018, null, 福建龙岩福建河田鸡，全程溯源可查，品质保障。, AA, 0, 1, 2026-07-14 19:22:52, 2026-07-14 19:22:52
<==        Row: 103, 陕西秦川牛肉, 畜禽, 陕西宝鸡, 1kg/盒, 82, 150, BATCH-L-019, null, 陕西宝鸡陕西秦川牛肉，全程溯源可查，品质保障。, AA, 0, 1, 2026-07-14 19:22:52, 2026-07-14 19:22:52
<==        Row: 104, 湖北洪湖鸭, 畜禽, 湖北洪湖, 1只约1.5kg, 52, 498, BATCH-L-020, null, 湖北洪湖湖北洪湖鸭，全程溯源可查，品质保障。, AA, 0, 1, 2026-07-14 19:22:52, 2026-07-14 19:22:52
<==        Row: 105, 广东清远鸡, 畜禽, 广东清远, 1只约1.2kg, 58, 301, BATCH-L-021, null, 广东清远广东清远鸡，全程溯源可查，品质保障。, AA, 0, 1, 2026-07-14 19:22:52, 2026-07-14 19:22:52
<==      Total: 105
Closing non transactional SqlSession [org.apache.ibatis.session.defaults.DefaultSqlSession@33dba90]
2026-07-15 10:34:11.256  INFO 28452 --- [nio-8080-exec-3] c.agri.trace.agent.MainCoordinatorAgent  : API Key 有效，使用在线模式（provider=openai, key前缀=sk-or-v1-26d8d5...）
2026-07-15 10:34:11.257  INFO 28452 --- [nio-8080-exec-3] com.agri.trace.agent.LlmService          : 调用 LLM API: provider=openai, model=deepseek/deepseek-chat, url=https://openrouter.ai/api/v1/chat/completions
Creating a new SqlSession
SqlSession [org.apache.ibatis.session.defaults.DefaultSqlSession@164be324] was not registered for synchronization because synchronization is not active
JDBC Connection [HikariProxyConnection@178881769 wrapping org.sqlite.jdbc4.JDBC4Connection@7d3e8655] will not be managed by Spring
==>  Preparing: SELECT COUNT(*) AS total FROM product WHERE deleted = 0 AND (status = ?)
==> Parameters: 1(Integer)
<==    Columns: total
<==        Row: 105
<==      Total: 1
==>  Preparing: SELECT id,name,category,origin,spec,price,stock,batch_no,image_url,description,trace_level,deleted,status,create_time,update_time FROM product WHERE deleted=0 AND (status = ?) ORDER BY create_time DESC LIMIT ?
==> Parameters: 1(Integer), 12(Long)
<==    Columns: id, name, category, origin, spec, price, stock, batch_no, image_url, description, trace_level, deleted, status, create_time, update_time
<==        Row: 8, 陕西洛川苹果, 水果, 陕西延安, 5kg/箱, 42, 613, BATCH-F-007, null, 陕西延安陕西洛川苹果，全程溯源可查，品质保障。, AA, 0, 1, 2026-07-14T19:22:52, 2026-07-14T19:22:52
<==        Row: 2, 五常有机大米, 粮食, 黑龙江五常, 10kg/袋, 89.9, 500, BATCH-G-001, null, 黑龙江五常有机稻花香大米。, AA, 0, 1, 2026-07-14T19:22:35.018, 2026-07-14 11:22:35
<==        Row: 1, 山东红富士苹果, 水果, 山东烟台, 5kg/箱, 49.9, 1000, BATCH-F-001, null, 山东烟台红富士苹果，色泽红润，口感脆甜。, AAA, 0, 1, 2026-07-14T19:22:34.990, 2026-07-14 11:22:34
<==        Row: 3, 新疆库尔勒香梨, 水果, 新疆库尔勒, 4kg/箱, 39.9, 601, BATCH-F-002, null, 新疆库尔勒新疆库尔勒香梨，全程溯源可查，品质保障。, AA, 0, 1, 2026-07-14 19:22:52, 2026-07-14 19:22:52
<==        Row: 4, 四川爱媛果冻橙, 水果, 四川眉山, 5kg/箱, 45, 685, BATCH-F-003, null, 四川眉山四川爱媛果冻橙，全程溯源可查，品质保障。, AA, 0, 1, 2026-07-14 19:22:52, 2026-07-14 19:22:52
<==        Row: 5, 广西武鸣沃柑, 水果, 广西武鸣, 5kg/箱, 35.9, 752, BATCH-F-004, null, 广西武鸣广西武鸣沃柑，全程溯源可查，品质保障。, AA, 0, 1, 2026-07-14 19:22:52, 2026-07-14 19:22:52
<==        Row: 6, 海南金钻凤梨, 水果, 海南海口, 2个/盒, 29.9, 800, BATCH-F-005, null, 海南海口海南金钻凤梨，全程溯源可查，品质保障。, AA, 0, 1, 2026-07-14 19:22:52, 2026-07-14 19:22:52
<==        Row: 7, 云南冰糖橙, 水果, 云南玉溪, 5kg/箱, 38, 598, BATCH-F-006, null, 云南玉溪云南冰糖橙，全程溯源可查，品质保障。, AA, 0, 1, 2026-07-14 19:22:52, 2026-07-14 19:22:52
<==        Row: 9, 浙江仙居杨梅, 水果, 浙江台州, 3kg/箱, 68, 150, BATCH-F-008, null, 浙江台州浙江仙居杨梅，全程溯源可查，品质保障。, AA, 0, 1, 2026-07-14 19:22:52, 2026-07-14 19:22:52
<==        Row: 10, 广东桂味荔枝, 水果, 广东茂名, 3kg/箱, 55, 537, BATCH-F-009, null, 广东茂名广东桂味荔枝，全程溯源可查，品质保障。, AA, 0, 1, 2026-07-14 19:22:52, 2026-07-14 19:22:52
<==        Row: 11, 福建平和蜜柚, 水果, 福建漳州, 2个/袋, 25.9, 756, BATCH-F-010, null, 福建漳州福建平和蜜柚，全程溯源可查，品质保障。, AA, 0, 1, 2026-07-14 19:22:52, 2026-07-14 19:22:52
<==        Row: 12, 新疆哈密瓜, 水果, 新疆吐鲁番, 1个/箱, 32, 371, BATCH-F-011, null, 新疆吐鲁番新疆哈密瓜，全程溯源可查，品质保障。, AA, 0, 1, 2026-07-14 19:22:52, 2026-07-14 19:22:52
<==      Total: 12
Closing non transactional SqlSession [org.apache.ibatis.session.defaults.DefaultSqlSession@164be324]
Creating a new SqlSession
SqlSession [org.apache.ibatis.session.defaults.DefaultSqlSession@1952d35a] was not registered for synchronization because synchronization is not active
JDBC Connection [HikariProxyConnection@997730160 wrapping org.sqlite.jdbc4.JDBC4Connection@7d3e8655] will not be managed by Spring
==>  Preparing: SELECT * FROM batch WHERE batch_no = ?
==> Parameters: BATCH-G-001(String)
<==    Columns: id, batch_no, product_id, produce_date, harvest_date, quantity, farm_address, farm_area, soil_type, create_time
<==        Row: 2, BATCH-G-001, 2, 2026-04-01, 2026-06-15, 3000, 黑龙江省五常市龙凤山镇, 80亩, 黑土, 2026-07-14T19:22:35.021
<==      Total: 1
Closing non transactional SqlSession [org.apache.ibatis.session.defaults.DefaultSqlSession@1952d35a]
Creating a new SqlSession
SqlSession [org.apache.ibatis.session.defaults.DefaultSqlSession@31d13e3f] was not registered for synchronization because synchronization is not active
JDBC Connection [HikariProxyConnection@1319317102 wrapping org.sqlite.jdbc4.JDBC4Connection@7d3e8655] will not be managed by Spring
==>  Preparing: SELECT * FROM trace_record WHERE batch_id = ? ORDER BY record_time ASC
==> Parameters: 2(Long)
<==    Columns: id, batch_id, record_type, record_time, operator, content, detail, attachment, create_time
<==        Row: 4, 2, 种植, 2026-04-01, null, 有机水稻种植, null, null, 2026-07-14T19:22:35.025
<==        Row: 5, 2, 采收, 2026-06-15, null, 联合收割机采收, null, null, 2026-07-14T19:22:35.028
<==      Total: 2
Closing non transactional SqlSession [org.apache.ibatis.session.defaults.DefaultSqlSession@31d13e3f]
Creating a new SqlSession
SqlSession [org.apache.ibatis.session.defaults.DefaultSqlSession@41e4fce3] was not registered for synchronization because synchronization is not active
JDBC Connection [HikariProxyConnection@995954696 wrapping org.sqlite.jdbc4.JDBC4Connection@7d3e8655] will not be managed by Spring
==>  Preparing: SELECT * FROM pesticide_report WHERE batch_id = ?
==> Parameters: 2(Long)
<==    Columns: id, batch_id, report_no, test_date, test_organization, item_name, result, standard_limit, unit, is_compliant, create_time
<==        Row: 3, 2, REP-1784028155031, 2026-07-14, 农业农村部农产品质检中心, 毒死蜱, 未检出, 0.05, mg/kg, 1, 2026-07-14T19:22:35.031
<==      Total: 1
Closing non transactional SqlSession [org.apache.ibatis.session.defaults.DefaultSqlSession@41e4fce3]
2026-07-15 10:34:21.890  INFO 28452 --- [nio-8080-exec-5] c.agri.trace.agent.MainCoordinatorAgent  : 工具 trace_query 调用成功
Creating a new SqlSession
SqlSession [org.apache.ibatis.session.defaults.DefaultSqlSession@3c5e19a] was not registered for synchronization because synchronization is not active
JDBC Connection [HikariProxyConnection@1422028754 wrapping org.sqlite.jdbc4.JDBC4Connection@7d3e8655] will not be managed by Spring
==>  Preparing: SELECT * FROM batch WHERE batch_no = ?
==> Parameters: BATCH-G-001(String)
<==    Columns: id, batch_no, product_id, produce_date, harvest_date, quantity, farm_address, farm_area, soil_type, create_time
<==        Row: 2, BATCH-G-001, 2, 2026-04-01, 2026-06-15, 3000, 黑龙江省五常市龙凤山镇, 80亩, 黑土, 2026-07-14T19:22:35.021
<==      Total: 1
Closing non transactional SqlSession [org.apache.ibatis.session.defaults.DefaultSqlSession@3c5e19a]
Creating a new SqlSession
SqlSession [org.apache.ibatis.session.defaults.DefaultSqlSession@32a7924d] was not registered for synchronization because synchronization is not active
JDBC Connection [HikariProxyConnection@1630079297 wrapping org.sqlite.jdbc4.JDBC4Connection@7d3e8655] will not be managed by Spring
==>  Preparing: SELECT * FROM pesticide_report WHERE batch_id = ?
==> Parameters: 2(Long)
<==    Columns: id, batch_id, report_no, test_date, test_organization, item_name, result, standard_limit, unit, is_compliant, create_time
<==        Row: 3, 2, REP-1784028155031, 2026-07-14, 农业农村部农产品质检中心, 毒死蜱, 未检出, 0.05, mg/kg, 1, 2026-07-14T19:22:35.031
<==      Total: 1
Closing non transactional SqlSession [org.apache.ibatis.session.defaults.DefaultSqlSession@32a7924d]
2026-07-15 10:34:21.899  INFO 28452 --- [nio-8080-exec-5] c.agri.trace.agent.MainCoordinatorAgent  : 工具 pesticide_analyze 调用成功
Creating a new SqlSession
SqlSession [org.apache.ibatis.session.defaults.DefaultSqlSession@4dccedcf] was not registered for synchronization because synchronization is not active
JDBC Connection [HikariProxyConnection@179812187 wrapping org.sqlite.jdbc4.JDBC4Connection@7d3e8655] will not be managed by Spring
==>  Preparing: SELECT id,title,content,category,source,upload_time FROM knowledge_doc
==> Parameters: 
<==    Columns: id, title, content, category, source, upload_time
<==        Row: 1, GB 2763-2021 食品中农药最大残留限量, GB 2763-2021规定了食品中农药的最大残留限量。水果类：毒死蜱≤0.05mg/kg，多菌灵≤0.10mg/kg。蔬菜类：毒死蜱≤0.05mg/kg。粮食类：毒死蜱≤0.05mg/kg。茶叶类：联苯菊酯≤0.01mg/kg。, 法规, null, 2026-07-14 11:22:35
<==        Row: 2, GB 14881-2013 食品生产通用卫生规范, GB 14881规定了食品生产过程中原料采购、加工、包装、贮存和运输等环节的卫生要求。, 法规, null, 2026-07-14 11:22:35
<==      Total: 2
Closing non transactional SqlSession [org.apache.ibatis.session.defaults.DefaultSqlSession@4dccedcf]
Creating a new SqlSession
SqlSession [org.apache.ibatis.session.defaults.DefaultSqlSession@40c79ba] was not registered for synchronization because synchronization is not active
JDBC Connection [HikariProxyConnection@767953787 wrapping org.sqlite.jdbc4.JDBC4Connection@7d3e8655] will not be managed by Spring
==>  Preparing: SELECT id,name,category,origin,spec,price,stock,batch_no,image_url,description,trace_level,deleted,status,create_time,update_time FROM product WHERE deleted=0
==> Parameters: 
<==    Columns: id, name, category, origin, spec, price, stock, batch_no, image_url, description, trace_level, deleted, status, create_time, update_time
<==        Row: 1, 山东红富士苹果, 水果, 山东烟台, 5kg/箱, 49.9, 1000, BATCH-F-001, null, 山东烟台红富士苹果，色泽红润，口感脆甜。, AAA, 0, 1, 2026-07-14T19:22:34.990, 2026-07-14 11:22:34
<==        Row: 2, 五常有机大米, 粮食, 黑龙江五常, 10kg/袋, 89.9, 500, BATCH-G-001, null, 黑龙江五常有机稻花香大米。, AA, 0, 1, 2026-07-14T19:22:35.018, 2026-07-14 11:22:35
<==        Row: 3, 新疆库尔勒香梨, 水果, 新疆库尔勒, 4kg/箱, 39.9, 601, BATCH-F-002, null, 新疆库尔勒新疆库尔勒香梨，全程溯源可查，品质保障。, AA, 0, 1, 2026-07-14 19:22:52, 2026-07-14 19:22:52
<==        Row: 4, 四川爱媛果冻橙, 水果, 四川眉山, 5kg/箱, 45, 685, BATCH-F-003, null, 四川眉山四川爱媛果冻橙，全程溯源可查，品质保障。, AA, 0, 1, 2026-07-14 19:22:52, 2026-07-14 19:22:52
<==        Row: 5, 广西武鸣沃柑, 水果, 广西武鸣, 5kg/箱, 35.9, 752, BATCH-F-004, null, 广西武鸣广西武鸣沃柑，全程溯源可查，品质保障。, AA, 0, 1, 2026-07-14 19:22:52, 2026-07-14 19:22:52
<==        Row: 6, 海南金钻凤梨, 水果, 海南海口, 2个/盒, 29.9, 800, BATCH-F-005, null, 海南海口海南金钻凤梨，全程溯源可查，品质保障。, AA, 0, 1, 2026-07-14 19:22:52, 2026-07-14 19:22:52
<==        Row: 7, 云南冰糖橙, 水果, 云南玉溪, 5kg/箱, 38, 598, BATCH-F-006, null, 云南玉溪云南冰糖橙，全程溯源可查，品质保障。, AA, 0, 1, 2026-07-14 19:22:52, 2026-07-14 19:22:52
<==        Row: 8, 陕西洛川苹果, 水果, 陕西延安, 5kg/箱, 42, 613, BATCH-F-007, null, 陕西延安陕西洛川苹果，全程溯源可查，品质保障。, AA, 0, 1, 2026-07-14T19:22:52, 2026-07-14T19:22:52
<==        Row: 9, 浙江仙居杨梅, 水果, 浙江台州, 3kg/箱, 68, 150, BATCH-F-008, null, 浙江台州浙江仙居杨梅，全程溯源可查，品质保障。, AA, 0, 1, 2026-07-14 19:22:52, 2026-07-14 19:22:52
<==        Row: 10, 广东桂味荔枝, 水果, 广东茂名, 3kg/箱, 55, 537, BATCH-F-009, null, 广东茂名广东桂味荔枝，全程溯源可查，品质保障。, AA, 0, 1, 2026-07-14 19:22:52, 2026-07-14 19:22:52
<==        Row: 11, 福建平和蜜柚, 水果, 福建漳州, 2个/袋, 25.9, 756, BATCH-F-010, null, 福建漳州福建平和蜜柚，全程溯源可查，品质保障。, AA, 0, 1, 2026-07-14 19:22:52, 2026-07-14 19:22:52
<==        Row: 12, 新疆哈密瓜, 水果, 新疆吐鲁番, 1个/箱, 32, 371, BATCH-F-011, null, 新疆吐鲁番新疆哈密瓜，全程溯源可查，品质保障。, AA, 0, 1, 2026-07-14 19:22:52, 2026-07-14 19:22:52
<==        Row: 13, 辽宁巨峰葡萄, 水果, 辽宁大连, 2.5kg/箱, 48, 643, BATCH-F-012, null, 辽宁大连辽宁巨峰葡萄，全程溯源可查，品质保障。, AA, 0, 1, 2026-07-14 19:22:52, 2026-07-14 19:22:52
<==        Row: 14, 河北赵县雪梨, 水果, 河北赵县, 5kg/箱, 28, 705, BATCH-F-013, null, 河北赵县河北赵县雪梨，全程溯源可查，品质保障。, AA, 0, 1, 2026-07-14 19:22:52, 2026-07-14 19:22:52
<==        Row: 15, 江西赣南脐橙, 水果, 江西赣州, 5kg/箱, 42, 398, BATCH-F-014, null, 江西赣州江西赣南脐橙，全程溯源可查，品质保障。, AA, 0, 1, 2026-07-14 19:22:52, 2026-07-14 19:22:52
<==        Row: 16, 甘肃花牛苹果, 水果, 甘肃天水, 5kg/箱, 36, 700, BATCH-F-015, null, 甘肃天水甘肃花牛苹果，全程溯源可查，品质保障。, AA, 0, 1, 2026-07-14 19:22:52, 2026-07-14 19:22:52
<==        Row: 17, 广西百香果, 水果, 广西玉林, 2.5kg/箱, 33, 653, BATCH-F-016, null, 广西玉林广西百香果，全程溯源可查，品质保障。, AA, 0, 1, 2026-07-14 19:22:52, 2026-07-14 19:22:52
<==        Row: 18, 海南三亚芒果, 水果, 海南三亚, 3kg/箱, 45, 663, BATCH-F-017, null, 海南三亚海南三亚芒果，全程溯源可查，品质保障。, AA, 0, 1, 2026-07-14 19:22:52, 2026-07-14 19:22:52
<==        Row: 19, 山东大樱桃, 水果, 山东烟台, 2kg/箱, 78, 504, BATCH-F-018, null, 山东烟台山东大樱桃，全程溯源可查，品质保障。, AA, 0, 1, 2026-07-14 19:22:52, 2026-07-14 19:22:52
<==        Row: 20, 福建东魁杨梅, 水果, 福建龙海, 2.5kg/箱, 58, 339, BATCH-F-019, null, 福建龙海福建东魁杨梅，全程溯源可查，品质保障。, AA, 0, 1, 2026-07-14 19:22:52, 2026-07-14 19:22:52
<==        Row: 21, 云南澄江蓝莓, 水果, 云南澄江, 12盒/箱, 88, 451, BATCH-F-020, null, 云南澄江云南澄江蓝莓，全程溯源可查，品质保障。, AA, 0, 1, 2026-07-14 19:22:52, 2026-07-14 19:22:52
<==        Row: 22, 海南凤梨释迦, 水果, 海南乐东, 2个/盒, 69, 546, BATCH-F-021, null, 海南乐东海南凤梨释迦，全程溯源可查，品质保障。, AA, 0, 1, 2026-07-14 19:22:52, 2026-07-14 19:22:52
<==        Row: 23, 云南有机蔬菜礼盒, 蔬菜, 云南昆明, 3kg/盒, 68, 740, BATCH-V-001, null, 云南昆明云南有机蔬菜礼盒，全程溯源可查，品质保障。, AA, 0, 1, 2026-07-14 19:22:52, 2026-07-14 19:22:52
<==        Row: 24, 山东章丘大葱, 蔬菜, 山东济南, 2kg/把, 12.9, 158, BATCH-V-002, null, 山东济南山东章丘大葱，全程溯源可查，品质保障。, AA, 0, 1, 2026-07-14 19:22:52, 2026-07-14 19:22:52
<==        Row: 25, 河南铁棍山药, 蔬菜, 河南焦作, 2kg/箱, 28, 334, BATCH-V-003, null, 河南焦作河南铁棍山药，全程溯源可查，品质保障。, AA, 0, 1, 2026-07-14 19:22:52, 2026-07-14 19:22:52
<==        Row: 26, 寿光新鲜黄瓜, 蔬菜, 山东潍坊, 1.5kg/袋, 9.9, 669, BATCH-V-004, null, 山东潍坊寿光新鲜黄瓜，全程溯源可查，品质保障。, AA, 0, 1, 2026-07-14 19:22:52, 2026-07-14 19:22:52
<==        Row: 27, 甘肃兰州百合, 蔬菜, 甘肃兰州, 500g/袋, 35, 599, BATCH-V-005, null, 甘肃兰州甘肃兰州百合，全程溯源可查，品质保障。, AA, 0, 1, 2026-07-14 19:22:52, 2026-07-14 19:22:52
<==        Row: 28, 福建古田鲜银耳, 蔬菜, 福建宁德, 300g/袋, 22, 631, BATCH-V-006, null, 福建宁德福建古田鲜银耳，全程溯源可查，品质保障。, AA, 0, 1, 2026-07-14 19:22:52, 2026-07-14 19:22:52
<==        Row: 29, 四川儿菜, 蔬菜, 四川成都, 2kg/袋, 13, 254, BATCH-V-007, null, 四川成都四川儿菜，全程溯源可查，品质保障。, AA, 0, 1, 2026-07-14 19:22:52, 2026-07-14 19:22:52
<==        Row: 30, 东北黑木耳, 蔬菜, 黑龙江牡丹江, 250g/袋, 32, 487, BATCH-V-008, null, 黑龙江牡丹江东北黑木耳，全程溯源可查，品质保障。, AA, 0, 1, 2026-07-14 19:22:52, 2026-07-14 19:22:52
<==        Row: 31, 云南香格里拉松茸, 蔬菜, 云南香格里拉, 500g/盒, 168, 532, BATCH-V-009, null, 云南香格里拉云南香格里拉松茸，全程溯源可查，品质保障。, AA, 0, 1, 2026-07-14 19:22:52, 2026-07-14 19:22:52
<==        Row: 32, 湖南洞庭湖莲藕, 蔬菜, 湖南洞庭湖, 2.5kg/袋, 15, 341, BATCH-V-010, null, 湖南洞庭湖湖南洞庭湖莲藕，全程溯源可查，品质保障。, AA, 0, 1, 2026-07-14 19:22:52, 2026-07-14 19:22:52
<==        Row: 33, 海南有机番茄, 蔬菜, 海南三亚, 2kg/袋, 14.9, 741, BATCH-V-011, null, 海南三亚海南有机番茄，全程溯源可查，品质保障。, AA, 0, 1, 2026-07-14 19:22:52, 2026-07-14 19:22:52
<==        Row: 34, 山东紫甘蓝, 蔬菜, 山东临沂, 1个/袋, 6.5, 714, BATCH-V-012, null, 山东临沂山东紫甘蓝，全程溯源可查，品质保障。, AA, 0, 1, 2026-07-14 19:22:52, 2026-07-14 19:22:52
<==        Row: 35, 云南甜玉米, 蔬菜, 云南西双版纳, 5根/袋, 15, 494, BATCH-V-013, null, 云南西双版纳云南甜玉米，全程溯源可查，品质保障。, AA, 0, 1, 2026-07-14 19:22:52, 2026-07-14 19:22:52
<==        Row: 36, 河北平泉香菇, 蔬菜, 河北承德, 500g/盒, 18, 492, BATCH-V-014, null, 河北承德河北平泉香菇，全程溯源可查，品质保障。, AA, 0, 1, 2026-07-14 19:22:52, 2026-07-14 19:22:52
<==        Row: 37, 浙江杭州雷笋, 蔬菜, 浙江杭州, 1.5kg/袋, 22, 419, BATCH-V-015, null, 浙江杭州浙江杭州雷笋，全程溯源可查，品质保障。, AA, 0, 1, 2026-07-14 19:22:52, 2026-07-14 19:22:52
<==        Row: 38, 广东菜心, 蔬菜, 广东清远, 500g/把, 6, 727, BATCH-V-016, null, 广东清远广东菜心，全程溯源可查，品质保障。, AA, 0, 1, 2026-07-14 19:22:52, 2026-07-14 19:22:52
<==        Row: 39, 宁夏菜心, 蔬菜, 宁夏银川, 500g/把, 7.5, 660, BATCH-V-017, null, 宁夏银川宁夏菜心，全程溯源可查，品质保障。, AA, 0, 1, 2026-07-14 19:22:52, 2026-07-14 19:22:52
<==        Row: 40, 江苏徐州芦笋, 蔬菜, 江苏徐州, 500g/盒, 19, 685, BATCH-V-018, null, 江苏徐州江苏徐州芦笋，全程溯源可查，品质保障。, AA, 0, 1, 2026-07-14 19:22:52, 2026-07-14 19:22:52
<==        Row: 41, 山东有机土豆, 蔬菜, 山东滕州, 2.5kg/袋, 11, 554, BATCH-V-019, null, 山东滕州山东有机土豆，全程溯源可查，品质保障。, AA, 0, 1, 2026-07-14 19:22:52, 2026-07-14 19:22:52
<==        Row: 42, 湖南红菜苔, 蔬菜, 湖南长沙, 500g/把, 8, 117, BATCH-V-020, null, 湖南长沙湖南红菜苔，全程溯源可查，品质保障。, AA, 0, 1, 2026-07-14 19:22:52, 2026-07-14 19:22:52
<==        Row: 43, 福建姬松茸, 蔬菜, 福建古田, 300g/盒, 42, 790, BATCH-V-021, null, 福建古田福建姬松茸，全程溯源可查，品质保障。, AA, 0, 1, 2026-07-14 19:22:52, 2026-07-14 19:22:52
<==        Row: 44, 黑龙江珍珠米, 粮食, 黑龙江佳木斯, 10kg/袋, 55, 357, BATCH-G-002, null, 黑龙江佳木斯黑龙江珍珠米，全程溯源可查，品质保障。, AA, 0, 1, 2026-07-14 19:22:52, 2026-07-14 19:22:52
<==        Row: 45, 吉林小町米, 粮食, 吉林长春, 10kg/袋, 62, 180, BATCH-G-003, null, 吉林长春吉林小町米，全程溯源可查，品质保障。, AA, 0, 1, 2026-07-14 19:22:52, 2026-07-14 19:22:52
<==        Row: 46, 辽宁盘锦大米, 粮食, 辽宁盘锦, 10kg/袋, 58, 789, BATCH-G-004, null, 辽宁盘锦辽宁盘锦大米，全程溯源可查，品质保障。, AA, 0, 1, 2026-07-14 19:22:52, 2026-07-14 19:22:52
<==        Row: 47, 山西沁州黄小米, 粮食, 山西长治, 2.5kg/袋, 32, 345, BATCH-G-005, null, 山西长治山西沁州黄小米，全程溯源可查，品质保障。, AA, 0, 1, 2026-07-14 19:22:52, 2026-07-14 19:22:52
<==        Row: 48, 内蒙古燕麦米, 粮食, 内蒙古赤峰, 2kg/袋, 28, 224, BATCH-G-006, null, 内蒙古赤峰内蒙古燕麦米，全程溯源可查，品质保障。, AA, 0, 1, 2026-07-14 19:22:52, 2026-07-14 19:22:52
<==        Row: 49, 河北张家口藜麦, 粮食, 河北张北, 1kg/袋, 35, 340, BATCH-G-007, null, 河北张北河北张家口藜麦，全程溯源可查，品质保障。, AA, 0, 1, 2026-07-14 19:22:52, 2026-07-14 19:22:52
<==        Row: 50, 云南红河紫米, 粮食, 云南红河, 2kg/袋, 38, 682, BATCH-G-008, null, 云南红河云南红河紫米，全程溯源可查，品质保障。, AA, 0, 1, 2026-07-14 19:22:52, 2026-07-14 19:22:52
<==        Row: 51, 山东济宁黑米, 粮食, 山东济宁, 2.5kg/袋, 22, 442, BATCH-G-009, null, 山东济宁山东济宁黑米，全程溯源可查，品质保障。, AA, 0, 1, 2026-07-14 19:22:52, 2026-07-14 19:22:52
<==        Row: 52, 河南周口面粉, 粮食, 河南周口, 5kg/袋, 25, 587, BATCH-G-010, null, 河南周口河南周口面粉，全程溯源可查，品质保障。, AA, 0, 1, 2026-07-14 19:22:52, 2026-07-14 19:22:52
<==        Row: 53, 湖南湘西富硒米, 粮食, 湖南湘西, 5kg/袋, 45, 375, BATCH-G-011, null, 湖南湘西湖南湘西富硒米，全程溯源可查，品质保障。, AA, 0, 1, 2026-07-14 19:22:52, 2026-07-14 19:22:52
<==        Row: 54, 山东玉米糁, 粮食, 山东潍坊, 2kg/袋, 16, 306, BATCH-G-012, null, 山东潍坊山东玉米糁，全程溯源可查，品质保障。, AA, 0, 1, 2026-07-14 19:22:52, 2026-07-14 19:22:52
<==        Row: 55, 陕西榆林荞麦, 粮食, 陕西榆林, 2kg/袋, 24, 404, BATCH-G-013, null, 陕西榆林陕西榆林荞麦，全程溯源可查，品质保障。, AA, 0, 1, 2026-07-14 19:22:52, 2026-07-14 19:22:52
<==        Row: 56, 东北有机黄豆, 粮食, 黑龙江黑河, 2.5kg/袋, 28, 315, BATCH-G-014, null, 黑龙江黑河东北有机黄豆，全程溯源可查，品质保障。, AA, 0, 1, 2026-07-14 19:22:52, 2026-07-14 19:22:52
<==        Row: 57, 内蒙古绿豆, 粮食, 内蒙古通辽, 2kg/袋, 22, 671, BATCH-G-015, null, 内蒙古通辽内蒙古绿豆，全程溯源可查，品质保障。, AA, 0, 1, 2026-07-14 19:22:52, 2026-07-14 19:22:52
<==        Row: 58, 江西宜春红米, 粮食, 江西宜春, 2.5kg/袋, 30, 713, BATCH-G-016, null, 江西宜春江西宜春红米，全程溯源可查，品质保障。, AA, 0, 1, 2026-07-14 19:22:52, 2026-07-14 19:22:52
<==        Row: 59, 贵州黑糯米, 粮食, 贵州黔东南, 2.5kg/袋, 35, 527, BATCH-G-017, null, 贵州黔东南贵州黑糯米，全程溯源可查，品质保障。, AA, 0, 1, 2026-07-14 19:22:52, 2026-07-14 19:22:52
<==        Row: 60, 安徽糯小米, 粮食, 安徽滁州, 2kg/袋, 26, 613, BATCH-G-018, null, 安徽滁州安徽糯小米，全程溯源可查，品质保障。, AA, 0, 1, 2026-07-14 19:22:52, 2026-07-14 19:22:52
<==        Row: 61, 河北莜麦面, 粮食, 河北张家口, 2.5kg/袋, 22, 745, BATCH-G-019, null, 河北张家口河北莜麦面，全程溯源可查，品质保障。, AA, 0, 1, 2026-07-14 19:22:52, 2026-07-14 19:22:52
<==        Row: 62, 新疆鹰嘴豆, 粮食, 新疆木垒, 1kg/袋, 32, 364, BATCH-G-020, null, 新疆木垒新疆鹰嘴豆，全程溯源可查，品质保障。, AA, 0, 1, 2026-07-14 19:22:52, 2026-07-14 19:22:52
<==        Row: 63, 西藏青稞米, 粮食, 西藏日喀则, 2kg/袋, 48, 270, BATCH-G-021, null, 西藏日喀则西藏青稞米，全程溯源可查，品质保障。, AA, 0, 1, 2026-07-14 19:22:52, 2026-07-14 19:22:52
<==        Row: 64, 安溪铁观音（有机）, 茶叶, 福建安溪, 250g/罐, 168, 307, BATCH-T-001, null, 福建安溪安溪铁观音（有机），全程溯源可查，品质保障。, AA, 0, 1, 2026-07-14 19:22:52, 2026-07-14 19:22:52
<==        Row: 65, 西湖龙井, 茶叶, 浙江杭州, 250g/罐, 298, 343, BATCH-T-002, null, 浙江杭州西湖龙井，全程溯源可查，品质保障。, AA, 0, 1, 2026-07-14 19:22:52, 2026-07-14 19:22:52
<==        Row: 66, 云南普洱茶（生）, 茶叶, 云南西双版纳, 357g/饼, 125, 769, BATCH-T-003, null, 云南西双版纳云南普洱茶（生），全程溯源可查，品质保障。, AA, 0, 1, 2026-07-14 19:22:52, 2026-07-14 19:22:52
<==        Row: 67, 云南普洱茶（熟）, 茶叶, 云南临沧, 357g/饼, 138, 587, BATCH-T-004, null, 云南临沧云南普洱茶（熟），全程溯源可查，品质保障。, AA, 0, 1, 2026-07-14 19:22:52, 2026-07-14 19:22:52
<==        Row: 68, 武夷山大红袍, 茶叶, 福建武夷山, 125g/罐, 198, 215, BATCH-T-005, null, 福建武夷山武夷山大红袍，全程溯源可查，品质保障。, AA, 0, 1, 2026-07-14 19:22:52, 2026-07-14 19:22:52
<==        Row: 69, 洞庭碧螺春, 茶叶, 江苏苏州, 250g/罐, 268, 638, BATCH-T-006, null, 江苏苏州洞庭碧螺春，全程溯源可查，品质保障。, AA, 0, 1, 2026-07-14 19:22:52, 2026-07-14 19:22:52
<==        Row: 70, 黄山毛峰, 茶叶, 安徽黄山, 250g/罐, 188, 772, BATCH-T-007, null, 安徽黄山黄山毛峰，全程溯源可查，品质保障。, AA, 0, 1, 2026-07-14 19:22:52, 2026-07-14 19:22:52
<==        Row: 71, 信阳毛尖, 茶叶, 河南信阳, 250g/罐, 158, 486, BATCH-T-008, null, 河南信阳信阳毛尖，全程溯源可查，品质保障。, AA, 0, 1, 2026-07-14 19:22:52, 2026-07-14 19:22:52
<==        Row: 72, 六安瓜片, 茶叶, 安徽六安, 250g/罐, 228, 445, BATCH-T-009, null, 安徽六安六安瓜片，全程溯源可查，品质保障。, AA, 0, 1, 2026-07-14 19:22:52, 2026-07-14 19:22:52
<==        Row: 73, 君山银针, 茶叶, 湖南岳阳, 200g/盒, 268, 295, BATCH-T-010, null, 湖南岳阳君山银针，全程溯源可查，品质保障。, AA, 0, 1, 2026-07-14 19:22:52, 2026-07-14 19:22:52
<==        Row: 74, 福鼎白毫银针, 茶叶, 福建福鼎, 200g/盒, 358, 406, BATCH-T-011, null, 福建福鼎福鼎白毫银针，全程溯源可查，品质保障。, AA, 0, 1, 2026-07-14 19:22:52, 2026-07-14 19:22:52
<==        Row: 75, 安化黑茶, 茶叶, 湖南益阳, 500g/饼, 98, 790, BATCH-T-012, null, 湖南益阳安化黑茶，全程溯源可查，品质保障。, AA, 0, 1, 2026-07-14 19:22:52, 2026-07-14 19:22:52
<==        Row: 76, 祁门红茶, 茶叶, 安徽祁门, 250g/罐, 178, 664, BATCH-T-013, null, 安徽祁门祁门红茶，全程溯源可查，品质保障。, AA, 0, 1, 2026-07-14 19:22:52, 2026-07-14 19:22:52
<==        Row: 77, 正山小种, 茶叶, 福建武夷山, 250g/罐, 198, 456, BATCH-T-014, null, 福建武夷山正山小种，全程溯源可查，品质保障。, AA, 0, 1, 2026-07-14 19:22:52, 2026-07-14 19:22:52
<==        Row: 78, 金骏眉, 茶叶, 福建武夷山, 125g/罐, 388, 355, BATCH-T-015, null, 福建武夷山金骏眉，全程溯源可查，品质保障。, AA, 0, 1, 2026-07-14 19:22:52, 2026-07-14 19:22:52
<==        Row: 79, 四川竹叶青, 茶叶, 四川峨眉山, 200g/盒, 218, 636, BATCH-T-016, null, 四川峨眉山四川竹叶青，全程溯源可查，品质保障。, AA, 0, 1, 2026-07-14 19:22:52, 2026-07-14 19:22:52
<==        Row: 80, 太平猴魁, 茶叶, 安徽黄山, 200g/盒, 248, 294, BATCH-T-017, null, 安徽黄山太平猴魁，全程溯源可查，品质保障。, AA, 0, 1, 2026-07-14 19:22:52, 2026-07-14 19:22:52
<==        Row: 81, 安吉白茶, 茶叶, 浙江安吉, 250g/罐, 198, 765, BATCH-T-018, null, 浙江安吉安吉白茶，全程溯源可查，品质保障。, AA, 0, 1, 2026-07-14 19:22:52, 2026-07-14 19:22:52
<==        Row: 82, 广西六堡茶, 茶叶, 广西梧州, 500g/饼, 108, 264, BATCH-T-019, null, 广西梧州广西六堡茶，全程溯源可查，品质保障。, AA, 0, 1, 2026-07-14 19:22:52, 2026-07-14 19:22:52
<==        Row: 83, 都匀毛尖, 茶叶, 贵州黔南, 250g/罐, 148, 325, BATCH-T-020, null, 贵州黔南都匀毛尖，全程溯源可查，品质保障。, AA, 0, 1, 2026-07-14 19:22:52, 2026-07-14 19:22:52
<==        Row: 84, 台湾冻顶乌龙, 茶叶, 福建漳平, 250g/罐, 228, 670, BATCH-T-021, null, 福建漳平台湾冻顶乌龙，全程溯源可查，品质保障。, AA, 0, 1, 2026-07-14 19:22:52, 2026-07-14 19:22:52
<==        Row: 85, 黑山猪五花肉, 畜禽, 吉林长白山, 500g/盒, 32, 203, BATCH-L-001, null, 吉林长白山黑山猪五花肉，全程溯源可查，品质保障。, AA, 0, 1, 2026-07-14 19:22:52, 2026-07-14 19:22:52
<==        Row: 86, 散养土鸡, 畜禽, 江西泰和, 1只约1.2kg, 68, 633, BATCH-L-002, null, 江西泰和散养土鸡，全程溯源可查，品质保障。, AA, 0, 1, 2026-07-14 19:22:52, 2026-07-14 19:22:52
<==        Row: 87, 生态土鸡蛋, 畜禽, 湖南衡阳, 30枚/盒, 45, 649, BATCH-L-003, null, 湖南衡阳生态土鸡蛋，全程溯源可查，品质保障。, AA, 0, 1, 2026-07-14 19:22:52, 2026-07-14 19:22:52
<==        Row: 88, 宁夏盐池滩羊, 畜禽, 宁夏吴忠, 1kg/盒, 108, 439, BATCH-L-004, null, 宁夏吴忠宁夏盐池滩羊，全程溯源可查，品质保障。, AA, 0, 1, 2026-07-14 19:22:52, 2026-07-14 19:22:52
<==        Row: 89, 内蒙古科尔沁牛, 畜禽, 内蒙古通辽, 1kg/盒, 88, 179, BATCH-L-005, null, 内蒙古通辽内蒙古科尔沁牛，全程溯源可查，品质保障。, AA, 0, 1, 2026-07-14 19:22:52, 2026-07-14 19:22:52
<==        Row: 90, 贵州散养鸭, 畜禽, 贵州六盘水, 1只约1.5kg, 56, 744, BATCH-L-006, null, 贵州六盘水贵州散养鸭，全程溯源可查，品质保障。, AA, 0, 1, 2026-07-14 19:22:52, 2026-07-14 19:22:52
<==        Row: 91, 四川跑山猪排, 畜禽, 四川巴中, 500g/盒, 42, 442, BATCH-L-007, null, 四川巴中四川跑山猪排，全程溯源可查，品质保障。, AA, 0, 1, 2026-07-14 19:22:52, 2026-07-14 19:22:52
<==        Row: 92, 安徽土鸭蛋, 畜禽, 安徽安庆, 20枚/盒, 36, 204, BATCH-L-008, null, 安徽安庆安徽土鸭蛋，全程溯源可查，品质保障。, AA, 0, 1, 2026-07-14 19:22:52, 2026-07-14 19:22:52
<==        Row: 93, 青海牦牛肉, 畜禽, 青海玉树, 1kg/盒, 128, 497, BATCH-L-009, null, 青海玉树青海牦牛肉，全程溯源可查，品质保障。, AA, 0, 1, 2026-07-14 19:22:52, 2026-07-14 19:22:52
<==        Row: 94, 海南文昌鸡, 畜禽, 海南文昌, 1只约1kg, 72, 512, BATCH-L-010, null, 海南文昌海南文昌鸡，全程溯源可查，品质保障。, AA, 0, 1, 2026-07-14 19:22:52, 2026-07-14 19:22:52
<==        Row: 95, 东北笨鹅, 畜禽, 黑龙江绥化, 1只约2kg, 88, 791, BATCH-L-011, null, 黑龙江绥化东北笨鹅，全程溯源可查，品质保障。, AA, 0, 1, 2026-07-14 19:22:52, 2026-07-14 19:22:52
<==        Row: 96, 浙江湖羊, 畜禽, 浙江湖州, 1kg/盒, 98, 210, BATCH-L-012, null, 浙江湖州浙江湖羊，全程溯源可查，品质保障。, AA, 0, 1, 2026-07-14 19:22:52, 2026-07-14 19:22:52
<==        Row: 97, 云南乌骨鸡, 畜禽, 云南楚雄, 1只约1kg, 62, 390, BATCH-L-013, null, 云南楚雄云南乌骨鸡，全程溯源可查，品质保障。, AA, 0, 1, 2026-07-14 19:22:52, 2026-07-14 19:22:52
<==        Row: 98, 山东乳鸽, 畜禽, 山东济南, 2只/盒, 48, 337, BATCH-L-014, null, 山东济南山东乳鸽，全程溯源可查，品质保障。, AA, 0, 1, 2026-07-14 19:22:52, 2026-07-14 19:22:52
<==        Row: 99, 广西巴马香猪, 畜禽, 广西河池, 1kg/盒, 78, 447, BATCH-L-015, null, 广西河池广西巴马香猪，全程溯源可查，品质保障。, AA, 0, 1, 2026-07-14 19:22:52, 2026-07-14 19:22:52
<==        Row: 100, 西藏藏香猪, 畜禽, 西藏林芝, 1kg/盒, 158, 489, BATCH-L-016, null, 西藏林芝西藏藏香猪，全程溯源可查，品质保障。, AA, 0, 1, 2026-07-14 19:22:52, 2026-07-14 19:22:52
<==        Row: 101, 高邮咸鸭蛋, 畜禽, 江苏高邮, 20枚/盒, 42, 279, BATCH-L-017, null, 江苏高邮高邮咸鸭蛋，全程溯源可查，品质保障。, AA, 0, 1, 2026-07-14 19:22:52, 2026-07-14 19:22:52
<==        Row: 102, 福建河田鸡, 畜禽, 福建龙岩, 1只约1.2kg, 65, 285, BATCH-L-018, null, 福建龙岩福建河田鸡，全程溯源可查，品质保障。, AA, 0, 1, 2026-07-14 19:22:52, 2026-07-14 19:22:52
<==        Row: 103, 陕西秦川牛肉, 畜禽, 陕西宝鸡, 1kg/盒, 82, 150, BATCH-L-019, null, 陕西宝鸡陕西秦川牛肉，全程溯源可查，品质保障。, AA, 0, 1, 2026-07-14 19:22:52, 2026-07-14 19:22:52
<==        Row: 104, 湖北洪湖鸭, 畜禽, 湖北洪湖, 1只约1.5kg, 52, 498, BATCH-L-020, null, 湖北洪湖湖北洪湖鸭，全程溯源可查，品质保障。, AA, 0, 1, 2026-07-14 19:22:52, 2026-07-14 19:22:52
<==        Row: 105, 广东清远鸡, 畜禽, 广东清远, 1只约1.2kg, 58, 301, BATCH-L-021, null, 广东清远广东清远鸡，全程溯源可查，品质保障。, AA, 0, 1, 2026-07-14 19:22:52, 2026-07-14 19:22:52
<==      Total: 105
Closing non transactional SqlSession [org.apache.ibatis.session.defaults.DefaultSqlSession@40c79ba]
2026-07-15 10:34:21.947  INFO 28452 --- [nio-8080-exec-5] c.agri.trace.agent.MainCoordinatorAgent  : API Key 有效，使用在线模式（provider=openai, key前缀=sk-or-v1-26d8d5...）
2026-07-15 10:34:21.948  INFO 28452 --- [nio-8080-exec-5] com.agri.trace.agent.LlmService          : 调用 LLM API: provider=openai, model=deepseek/deepseek-chat, url=https://openrouter.ai/api/v1/chat/completions
2026-07-15 10:34:22.843  INFO 28452 --- [nio-8080-exec-3] c.agri.trace.agent.MainCoordinatorAgent  : LLM 在线回答完成
Creating a new SqlSession
SqlSession [org.apache.ibatis.session.defaults.DefaultSqlSession@2431c6c3] was not registered for synchronization because synchronization is not active
JDBC Connection [HikariProxyConnection@1083861480 wrapping org.sqlite.jdbc4.JDBC4Connection@7d3e8655] will not be managed by Spring
==>  Preparing: INSERT INTO agent_dialog ( session_id, question, answer, tool_calls, create_time ) VALUES ( ?, ?, ?, ?, ? )
==> Parameters: 53ac64bdc3154ad291d1d58ec1929078(String), BATCH-G-001(String), 根据查询到的数据，以下是关于批次号为 **BATCH-G-001** 的五常有机大米的详细信息：

### 1. **产品基本信息**
- **产品名称**：五常有机大米  
- **产地**：黑龙江省五常市龙凤山镇  
- **种植面积**：80亩  
- **土壤类型**：黑土  
- **生产日期**：2026年4月1日  
- **采收日期**：2026年6月15日  
- **产量**：3000公斤  

---

### 2. **溯源记录**
- **种植记录**  
  - 日期：2026年4月1日  
  - 内容：有机水稻种植  

- **采收记录**  
  - 日期：2026年6月15日  
  - 内容：联合收割机采收  

---

### 3. **农残检测报告**
- **检测项目**：毒死蜱  
- **检测结果**：未检出  
- **国家标准限值**：0.05 mg/kg  
- **检测日期**：2026年7月14日  
- **检测机构**：农业农村部农产品质检中心  
- **合规性**：符合 **GB 2763-2021 食品中农药最大残留限量** 标准  

---

### 4. **整体合规性**
该批次五常有机大米在农残检测中完全符合国家标准，整体合规性为 **合格**。

如需进一步了解其他信息，请随时告知！(String), trace_query(String), 2026-07-15T10:34:22.845(LocalDateTime)
<==    Updates: 1
Closing non transactional SqlSession [org.apache.ibatis.session.defaults.DefaultSqlSession@2431c6c3]
2026-07-15 10:34:33.759  INFO 28452 --- [nio-8080-exec-5] c.agri.trace.agent.MainCoordinatorAgent  : LLM 在线回答完成
Creating a new SqlSession
SqlSession [org.apache.ibatis.session.defaults.DefaultSqlSession@74e3440] was not registered for synchronization because synchronization is not active
JDBC Connection [HikariProxyConnection@978287953 wrapping org.sqlite.jdbc4.JDBC4Connection@7d3e8655] will not be managed by Spring
==>  Preparing: INSERT INTO agent_dialog ( session_id, question, answer, tool_calls, create_time ) VALUES ( ?, ?, ?, ?, ? )
==> Parameters: 007de90369f242e4a295ae10c522eca8(String), BATCH-G-001(String), 根据查询到的数据，批次号为 BATCH-G-001 的五常有机大米的溯源信息如下：

### 产品信息
- **产品名称**: 五常有机大米
- **批次号**: BATCH-G-001
- **生产日期**: 2026年4月1日
- **采收日期**: 2026年6月15日
- **产地**: 黑龙江省五常市龙凤山镇
- **种植面积**: 80亩
- **土壤类型**: 黑土

### 种植与采收记录
1. **种植记录**:
   - **记录时间**: 2026年4月1日
   - **内容**: 有机水稻种植
2. **采收记录**:
   - **记录时间**: 2026年6月15日
   - **内容**: 联合收割机采收

### 农残检测报告
- **检测项目**: 毒死蜱
- **检测结果**: 未检出
- **标准限量**: 0.05 mg/kg
- **检测日期**: 2026年7月14日
- **检测机构**: 农业农村部农产品质检中心
- **合规性**: 符合国家标准 GB 2763-2021《食品中农药最大残留限量》

### 总体合规性
该批次五常有机大米在农残检测方面完全符合国家标准，整体合规性为 **合格**。

如有更多问题或需要进一步查询，请随时告知！(String), trace_query(String), 2026-07-15T10:34:33.762(LocalDateTime)
<==    Updates: 1
Closing non transactional SqlSession [org.apache.ibatis.session.defaults.DefaultSqlSession@74e3440]
Creating a new SqlSession
SqlSession [org.apache.ibatis.session.defaults.DefaultSqlSession@384931c6] was not registered for synchronization because synchronization is not active
JDBC Connection [HikariProxyConnection@325767616 wrapping org.sqlite.jdbc4.JDBC4Connection@7d3e8655] will not be managed by Spring
==>  Preparing: SELECT * FROM product WHERE name LIKE '%' || ? || '%' AND status = 1 AND deleted = 0
==> Parameters: 水果(String)
<==      Total: 0
Closing non transactional SqlSession [org.apache.ibatis.session.defaults.DefaultSqlSession@384931c6]
2026-07-15 10:34:38.229  INFO 28452 --- [nio-8080-exec-6] c.agri.trace.agent.MainCoordinatorAgent  : 工具 product_recommend 调用成功
Creating a new SqlSession
SqlSession [org.apache.ibatis.session.defaults.DefaultSqlSession@2d7599e2] was not registered for synchronization because synchronization is not active
JDBC Connection [HikariProxyConnection@726119477 wrapping org.sqlite.jdbc4.JDBC4Connection@7d3e8655] will not be managed by Spring
==>  Preparing: SELECT id,title,content,category,source,upload_time FROM knowledge_doc
==> Parameters: 
<==    Columns: id, title, content, category, source, upload_time
<==        Row: 1, GB 2763-2021 食品中农药最大残留限量, GB 2763-2021规定了食品中农药的最大残留限量。水果类：毒死蜱≤0.05mg/kg，多菌灵≤0.10mg/kg。蔬菜类：毒死蜱≤0.05mg/kg。粮食类：毒死蜱≤0.05mg/kg。茶叶类：联苯菊酯≤0.01mg/kg。, 法规, null, 2026-07-14 11:22:35
<==        Row: 2, GB 14881-2013 食品生产通用卫生规范, GB 14881规定了食品生产过程中原料采购、加工、包装、贮存和运输等环节的卫生要求。, 法规, null, 2026-07-14 11:22:35
<==      Total: 2
Closing non transactional SqlSession [org.apache.ibatis.session.defaults.DefaultSqlSession@2d7599e2]
Creating a new SqlSession
SqlSession [org.apache.ibatis.session.defaults.DefaultSqlSession@5a71679a] was not registered for synchronization because synchronization is not active
JDBC Connection [HikariProxyConnection@525359557 wrapping org.sqlite.jdbc4.JDBC4Connection@7d3e8655] will not be managed by Spring
==>  Preparing: SELECT id,name,category,origin,spec,price,stock,batch_no,image_url,description,trace_level,deleted,status,create_time,update_time FROM product WHERE deleted=0
==> Parameters: 
<==    Columns: id, name, category, origin, spec, price, stock, batch_no, image_url, description, trace_level, deleted, status, create_time, update_time
<==        Row: 1, 山东红富士苹果, 水果, 山东烟台, 5kg/箱, 49.9, 1000, BATCH-F-001, null, 山东烟台红富士苹果，色泽红润，口感脆甜。, AAA, 0, 1, 2026-07-14T19:22:34.990, 2026-07-14 11:22:34
<==        Row: 2, 五常有机大米, 粮食, 黑龙江五常, 10kg/袋, 89.9, 500, BATCH-G-001, null, 黑龙江五常有机稻花香大米。, AA, 0, 1, 2026-07-14T19:22:35.018, 2026-07-14 11:22:35
<==        Row: 3, 新疆库尔勒香梨, 水果, 新疆库尔勒, 4kg/箱, 39.9, 601, BATCH-F-002, null, 新疆库尔勒新疆库尔勒香梨，全程溯源可查，品质保障。, AA, 0, 1, 2026-07-14 19:22:52, 2026-07-14 19:22:52
<==        Row: 4, 四川爱媛果冻橙, 水果, 四川眉山, 5kg/箱, 45, 685, BATCH-F-003, null, 四川眉山四川爱媛果冻橙，全程溯源可查，品质保障。, AA, 0, 1, 2026-07-14 19:22:52, 2026-07-14 19:22:52
<==        Row: 5, 广西武鸣沃柑, 水果, 广西武鸣, 5kg/箱, 35.9, 752, BATCH-F-004, null, 广西武鸣广西武鸣沃柑，全程溯源可查，品质保障。, AA, 0, 1, 2026-07-14 19:22:52, 2026-07-14 19:22:52
<==        Row: 6, 海南金钻凤梨, 水果, 海南海口, 2个/盒, 29.9, 800, BATCH-F-005, null, 海南海口海南金钻凤梨，全程溯源可查，品质保障。, AA, 0, 1, 2026-07-14 19:22:52, 2026-07-14 19:22:52
<==        Row: 7, 云南冰糖橙, 水果, 云南玉溪, 5kg/箱, 38, 598, BATCH-F-006, null, 云南玉溪云南冰糖橙，全程溯源可查，品质保障。, AA, 0, 1, 2026-07-14 19:22:52, 2026-07-14 19:22:52
<==        Row: 8, 陕西洛川苹果, 水果, 陕西延安, 5kg/箱, 42, 613, BATCH-F-007, null, 陕西延安陕西洛川苹果，全程溯源可查，品质保障。, AA, 0, 1, 2026-07-14T19:22:52, 2026-07-14T19:22:52
<==        Row: 9, 浙江仙居杨梅, 水果, 浙江台州, 3kg/箱, 68, 150, BATCH-F-008, null, 浙江台州浙江仙居杨梅，全程溯源可查，品质保障。, AA, 0, 1, 2026-07-14 19:22:52, 2026-07-14 19:22:52
<==        Row: 10, 广东桂味荔枝, 水果, 广东茂名, 3kg/箱, 55, 537, BATCH-F-009, null, 广东茂名广东桂味荔枝，全程溯源可查，品质保障。, AA, 0, 1, 2026-07-14 19:22:52, 2026-07-14 19:22:52
<==        Row: 11, 福建平和蜜柚, 水果, 福建漳州, 2个/袋, 25.9, 756, BATCH-F-010, null, 福建漳州福建平和蜜柚，全程溯源可查，品质保障。, AA, 0, 1, 2026-07-14 19:22:52, 2026-07-14 19:22:52
<==        Row: 12, 新疆哈密瓜, 水果, 新疆吐鲁番, 1个/箱, 32, 371, BATCH-F-011, null, 新疆吐鲁番新疆哈密瓜，全程溯源可查，品质保障。, AA, 0, 1, 2026-07-14 19:22:52, 2026-07-14 19:22:52
<==        Row: 13, 辽宁巨峰葡萄, 水果, 辽宁大连, 2.5kg/箱, 48, 643, BATCH-F-012, null, 辽宁大连辽宁巨峰葡萄，全程溯源可查，品质保障。, AA, 0, 1, 2026-07-14 19:22:52, 2026-07-14 19:22:52
<==        Row: 14, 河北赵县雪梨, 水果, 河北赵县, 5kg/箱, 28, 705, BATCH-F-013, null, 河北赵县河北赵县雪梨，全程溯源可查，品质保障。, AA, 0, 1, 2026-07-14 19:22:52, 2026-07-14 19:22:52
<==        Row: 15, 江西赣南脐橙, 水果, 江西赣州, 5kg/箱, 42, 398, BATCH-F-014, null, 江西赣州江西赣南脐橙，全程溯源可查，品质保障。, AA, 0, 1, 2026-07-14 19:22:52, 2026-07-14 19:22:52
<==        Row: 16, 甘肃花牛苹果, 水果, 甘肃天水, 5kg/箱, 36, 700, BATCH-F-015, null, 甘肃天水甘肃花牛苹果，全程溯源可查，品质保障。, AA, 0, 1, 2026-07-14 19:22:52, 2026-07-14 19:22:52
<==        Row: 17, 广西百香果, 水果, 广西玉林, 2.5kg/箱, 33, 653, BATCH-F-016, null, 广西玉林广西百香果，全程溯源可查，品质保障。, AA, 0, 1, 2026-07-14 19:22:52, 2026-07-14 19:22:52
<==        Row: 18, 海南三亚芒果, 水果, 海南三亚, 3kg/箱, 45, 663, BATCH-F-017, null, 海南三亚海南三亚芒果，全程溯源可查，品质保障。, AA, 0, 1, 2026-07-14 19:22:52, 2026-07-14 19:22:52
<==        Row: 19, 山东大樱桃, 水果, 山东烟台, 2kg/箱, 78, 504, BATCH-F-018, null, 山东烟台山东大樱桃，全程溯源可查，品质保障。, AA, 0, 1, 2026-07-14 19:22:52, 2026-07-14 19:22:52
<==        Row: 20, 福建东魁杨梅, 水果, 福建龙海, 2.5kg/箱, 58, 339, BATCH-F-019, null, 福建龙海福建东魁杨梅，全程溯源可查，品质保障。, AA, 0, 1, 2026-07-14 19:22:52, 2026-07-14 19:22:52
<==        Row: 21, 云南澄江蓝莓, 水果, 云南澄江, 12盒/箱, 88, 451, BATCH-F-020, null, 云南澄江云南澄江蓝莓，全程溯源可查，品质保障。, AA, 0, 1, 2026-07-14 19:22:52, 2026-07-14 19:22:52
<==        Row: 22, 海南凤梨释迦, 水果, 海南乐东, 2个/盒, 69, 546, BATCH-F-021, null, 海南乐东海南凤梨释迦，全程溯源可查，品质保障。, AA, 0, 1, 2026-07-14 19:22:52, 2026-07-14 19:22:52
<==        Row: 23, 云南有机蔬菜礼盒, 蔬菜, 云南昆明, 3kg/盒, 68, 740, BATCH-V-001, null, 云南昆明云南有机蔬菜礼盒，全程溯源可查，品质保障。, AA, 0, 1, 2026-07-14 19:22:52, 2026-07-14 19:22:52
<==        Row: 24, 山东章丘大葱, 蔬菜, 山东济南, 2kg/把, 12.9, 158, BATCH-V-002, null, 山东济南山东章丘大葱，全程溯源可查，品质保障。, AA, 0, 1, 2026-07-14 19:22:52, 2026-07-14 19:22:52
<==        Row: 25, 河南铁棍山药, 蔬菜, 河南焦作, 2kg/箱, 28, 334, BATCH-V-003, null, 河南焦作河南铁棍山药，全程溯源可查，品质保障。, AA, 0, 1, 2026-07-14 19:22:52, 2026-07-14 19:22:52
<==        Row: 26, 寿光新鲜黄瓜, 蔬菜, 山东潍坊, 1.5kg/袋, 9.9, 669, BATCH-V-004, null, 山东潍坊寿光新鲜黄瓜，全程溯源可查，品质保障。, AA, 0, 1, 2026-07-14 19:22:52, 2026-07-14 19:22:52
<==        Row: 27, 甘肃兰州百合, 蔬菜, 甘肃兰州, 500g/袋, 35, 599, BATCH-V-005, null, 甘肃兰州甘肃兰州百合，全程溯源可查，品质保障。, AA, 0, 1, 2026-07-14 19:22:52, 2026-07-14 19:22:52
<==        Row: 28, 福建古田鲜银耳, 蔬菜, 福建宁德, 300g/袋, 22, 631, BATCH-V-006, null, 福建宁德福建古田鲜银耳，全程溯源可查，品质保障。, AA, 0, 1, 2026-07-14 19:22:52, 2026-07-14 19:22:52
<==        Row: 29, 四川儿菜, 蔬菜, 四川成都, 2kg/袋, 13, 254, BATCH-V-007, null, 四川成都四川儿菜，全程溯源可查，品质保障。, AA, 0, 1, 2026-07-14 19:22:52, 2026-07-14 19:22:52
<==        Row: 30, 东北黑木耳, 蔬菜, 黑龙江牡丹江, 250g/袋, 32, 487, BATCH-V-008, null, 黑龙江牡丹江东北黑木耳，全程溯源可查，品质保障。, AA, 0, 1, 2026-07-14 19:22:52, 2026-07-14 19:22:52
<==        Row: 31, 云南香格里拉松茸, 蔬菜, 云南香格里拉, 500g/盒, 168, 532, BATCH-V-009, null, 云南香格里拉云南香格里拉松茸，全程溯源可查，品质保障。, AA, 0, 1, 2026-07-14 19:22:52, 2026-07-14 19:22:52
<==        Row: 32, 湖南洞庭湖莲藕, 蔬菜, 湖南洞庭湖, 2.5kg/袋, 15, 341, BATCH-V-010, null, 湖南洞庭湖湖南洞庭湖莲藕，全程溯源可查，品质保障。, AA, 0, 1, 2026-07-14 19:22:52, 2026-07-14 19:22:52
<==        Row: 33, 海南有机番茄, 蔬菜, 海南三亚, 2kg/袋, 14.9, 741, BATCH-V-011, null, 海南三亚海南有机番茄，全程溯源可查，品质保障。, AA, 0, 1, 2026-07-14 19:22:52, 2026-07-14 19:22:52
<==        Row: 34, 山东紫甘蓝, 蔬菜, 山东临沂, 1个/袋, 6.5, 714, BATCH-V-012, null, 山东临沂山东紫甘蓝，全程溯源可查，品质保障。, AA, 0, 1, 2026-07-14 19:22:52, 2026-07-14 19:22:52
<==        Row: 35, 云南甜玉米, 蔬菜, 云南西双版纳, 5根/袋, 15, 494, BATCH-V-013, null, 云南西双版纳云南甜玉米，全程溯源可查，品质保障。, AA, 0, 1, 2026-07-14 19:22:52, 2026-07-14 19:22:52
<==        Row: 36, 河北平泉香菇, 蔬菜, 河北承德, 500g/盒, 18, 492, BATCH-V-014, null, 河北承德河北平泉香菇，全程溯源可查，品质保障。, AA, 0, 1, 2026-07-14 19:22:52, 2026-07-14 19:22:52
<==        Row: 37, 浙江杭州雷笋, 蔬菜, 浙江杭州, 1.5kg/袋, 22, 419, BATCH-V-015, null, 浙江杭州浙江杭州雷笋，全程溯源可查，品质保障。, AA, 0, 1, 2026-07-14 19:22:52, 2026-07-14 19:22:52
<==        Row: 38, 广东菜心, 蔬菜, 广东清远, 500g/把, 6, 727, BATCH-V-016, null, 广东清远广东菜心，全程溯源可查，品质保障。, AA, 0, 1, 2026-07-14 19:22:52, 2026-07-14 19:22:52
<==        Row: 39, 宁夏菜心, 蔬菜, 宁夏银川, 500g/把, 7.5, 660, BATCH-V-017, null, 宁夏银川宁夏菜心，全程溯源可查，品质保障。, AA, 0, 1, 2026-07-14 19:22:52, 2026-07-14 19:22:52
<==        Row: 40, 江苏徐州芦笋, 蔬菜, 江苏徐州, 500g/盒, 19, 685, BATCH-V-018, null, 江苏徐州江苏徐州芦笋，全程溯源可查，品质保障。, AA, 0, 1, 2026-07-14 19:22:52, 2026-07-14 19:22:52
<==        Row: 41, 山东有机土豆, 蔬菜, 山东滕州, 2.5kg/袋, 11, 554, BATCH-V-019, null, 山东滕州山东有机土豆，全程溯源可查，品质保障。, AA, 0, 1, 2026-07-14 19:22:52, 2026-07-14 19:22:52
<==        Row: 42, 湖南红菜苔, 蔬菜, 湖南长沙, 500g/把, 8, 117, BATCH-V-020, null, 湖南长沙湖南红菜苔，全程溯源可查，品质保障。, AA, 0, 1, 2026-07-14 19:22:52, 2026-07-14 19:22:52
<==        Row: 43, 福建姬松茸, 蔬菜, 福建古田, 300g/盒, 42, 790, BATCH-V-021, null, 福建古田福建姬松茸，全程溯源可查，品质保障。, AA, 0, 1, 2026-07-14 19:22:52, 2026-07-14 19:22:52
<==        Row: 44, 黑龙江珍珠米, 粮食, 黑龙江佳木斯, 10kg/袋, 55, 357, BATCH-G-002, null, 黑龙江佳木斯黑龙江珍珠米，全程溯源可查，品质保障。, AA, 0, 1, 2026-07-14 19:22:52, 2026-07-14 19:22:52
<==        Row: 45, 吉林小町米, 粮食, 吉林长春, 10kg/袋, 62, 180, BATCH-G-003, null, 吉林长春吉林小町米，全程溯源可查，品质保障。, AA, 0, 1, 2026-07-14 19:22:52, 2026-07-14 19:22:52
<==        Row: 46, 辽宁盘锦大米, 粮食, 辽宁盘锦, 10kg/袋, 58, 789, BATCH-G-004, null, 辽宁盘锦辽宁盘锦大米，全程溯源可查，品质保障。, AA, 0, 1, 2026-07-14 19:22:52, 2026-07-14 19:22:52
<==        Row: 47, 山西沁州黄小米, 粮食, 山西长治, 2.5kg/袋, 32, 345, BATCH-G-005, null, 山西长治山西沁州黄小米，全程溯源可查，品质保障。, AA, 0, 1, 2026-07-14 19:22:52, 2026-07-14 19:22:52
<==        Row: 48, 内蒙古燕麦米, 粮食, 内蒙古赤峰, 2kg/袋, 28, 224, BATCH-G-006, null, 内蒙古赤峰内蒙古燕麦米，全程溯源可查，品质保障。, AA, 0, 1, 2026-07-14 19:22:52, 2026-07-14 19:22:52
<==        Row: 49, 河北张家口藜麦, 粮食, 河北张北, 1kg/袋, 35, 340, BATCH-G-007, null, 河北张北河北张家口藜麦，全程溯源可查，品质保障。, AA, 0, 1, 2026-07-14 19:22:52, 2026-07-14 19:22:52
<==        Row: 50, 云南红河紫米, 粮食, 云南红河, 2kg/袋, 38, 682, BATCH-G-008, null, 云南红河云南红河紫米，全程溯源可查，品质保障。, AA, 0, 1, 2026-07-14 19:22:52, 2026-07-14 19:22:52
<==        Row: 51, 山东济宁黑米, 粮食, 山东济宁, 2.5kg/袋, 22, 442, BATCH-G-009, null, 山东济宁山东济宁黑米，全程溯源可查，品质保障。, AA, 0, 1, 2026-07-14 19:22:52, 2026-07-14 19:22:52
<==        Row: 52, 河南周口面粉, 粮食, 河南周口, 5kg/袋, 25, 587, BATCH-G-010, null, 河南周口河南周口面粉，全程溯源可查，品质保障。, AA, 0, 1, 2026-07-14 19:22:52, 2026-07-14 19:22:52
<==        Row: 53, 湖南湘西富硒米, 粮食, 湖南湘西, 5kg/袋, 45, 375, BATCH-G-011, null, 湖南湘西湖南湘西富硒米，全程溯源可查，品质保障。, AA, 0, 1, 2026-07-14 19:22:52, 2026-07-14 19:22:52
<==        Row: 54, 山东玉米糁, 粮食, 山东潍坊, 2kg/袋, 16, 306, BATCH-G-012, null, 山东潍坊山东玉米糁，全程溯源可查，品质保障。, AA, 0, 1, 2026-07-14 19:22:52, 2026-07-14 19:22:52
<==        Row: 55, 陕西榆林荞麦, 粮食, 陕西榆林, 2kg/袋, 24, 404, BATCH-G-013, null, 陕西榆林陕西榆林荞麦，全程溯源可查，品质保障。, AA, 0, 1, 2026-07-14 19:22:52, 2026-07-14 19:22:52
<==        Row: 56, 东北有机黄豆, 粮食, 黑龙江黑河, 2.5kg/袋, 28, 315, BATCH-G-014, null, 黑龙江黑河东北有机黄豆，全程溯源可查，品质保障。, AA, 0, 1, 2026-07-14 19:22:52, 2026-07-14 19:22:52
<==        Row: 57, 内蒙古绿豆, 粮食, 内蒙古通辽, 2kg/袋, 22, 671, BATCH-G-015, null, 内蒙古通辽内蒙古绿豆，全程溯源可查，品质保障。, AA, 0, 1, 2026-07-14 19:22:52, 2026-07-14 19:22:52
<==        Row: 58, 江西宜春红米, 粮食, 江西宜春, 2.5kg/袋, 30, 713, BATCH-G-016, null, 江西宜春江西宜春红米，全程溯源可查，品质保障。, AA, 0, 1, 2026-07-14 19:22:52, 2026-07-14 19:22:52
<==        Row: 59, 贵州黑糯米, 粮食, 贵州黔东南, 2.5kg/袋, 35, 527, BATCH-G-017, null, 贵州黔东南贵州黑糯米，全程溯源可查，品质保障。, AA, 0, 1, 2026-07-14 19:22:52, 2026-07-14 19:22:52
<==        Row: 60, 安徽糯小米, 粮食, 安徽滁州, 2kg/袋, 26, 613, BATCH-G-018, null, 安徽滁州安徽糯小米，全程溯源可查，品质保障。, AA, 0, 1, 2026-07-14 19:22:52, 2026-07-14 19:22:52
<==        Row: 61, 河北莜麦面, 粮食, 河北张家口, 2.5kg/袋, 22, 745, BATCH-G-019, null, 河北张家口河北莜麦面，全程溯源可查，品质保障。, AA, 0, 1, 2026-07-14 19:22:52, 2026-07-14 19:22:52
<==        Row: 62, 新疆鹰嘴豆, 粮食, 新疆木垒, 1kg/袋, 32, 364, BATCH-G-020, null, 新疆木垒新疆鹰嘴豆，全程溯源可查，品质保障。, AA, 0, 1, 2026-07-14 19:22:52, 2026-07-14 19:22:52
<==        Row: 63, 西藏青稞米, 粮食, 西藏日喀则, 2kg/袋, 48, 270, BATCH-G-021, null, 西藏日喀则西藏青稞米，全程溯源可查，品质保障。, AA, 0, 1, 2026-07-14 19:22:52, 2026-07-14 19:22:52
<==        Row: 64, 安溪铁观音（有机）, 茶叶, 福建安溪, 250g/罐, 168, 307, BATCH-T-001, null, 福建安溪安溪铁观音（有机），全程溯源可查，品质保障。, AA, 0, 1, 2026-07-14 19:22:52, 2026-07-14 19:22:52
<==        Row: 65, 西湖龙井, 茶叶, 浙江杭州, 250g/罐, 298, 343, BATCH-T-002, null, 浙江杭州西湖龙井，全程溯源可查，品质保障。, AA, 0, 1, 2026-07-14 19:22:52, 2026-07-14 19:22:52
<==        Row: 66, 云南普洱茶（生）, 茶叶, 云南西双版纳, 357g/饼, 125, 769, BATCH-T-003, null, 云南西双版纳云南普洱茶（生），全程溯源可查，品质保障。, AA, 0, 1, 2026-07-14 19:22:52, 2026-07-14 19:22:52
<==        Row: 67, 云南普洱茶（熟）, 茶叶, 云南临沧, 357g/饼, 138, 587, BATCH-T-004, null, 云南临沧云南普洱茶（熟），全程溯源可查，品质保障。, AA, 0, 1, 2026-07-14 19:22:52, 2026-07-14 19:22:52
<==        Row: 68, 武夷山大红袍, 茶叶, 福建武夷山, 125g/罐, 198, 215, BATCH-T-005, null, 福建武夷山武夷山大红袍，全程溯源可查，品质保障。, AA, 0, 1, 2026-07-14 19:22:52, 2026-07-14 19:22:52
<==        Row: 69, 洞庭碧螺春, 茶叶, 江苏苏州, 250g/罐, 268, 638, BATCH-T-006, null, 江苏苏州洞庭碧螺春，全程溯源可查，品质保障。, AA, 0, 1, 2026-07-14 19:22:52, 2026-07-14 19:22:52
<==        Row: 70, 黄山毛峰, 茶叶, 安徽黄山, 250g/罐, 188, 772, BATCH-T-007, null, 安徽黄山黄山毛峰，全程溯源可查，品质保障。, AA, 0, 1, 2026-07-14 19:22:52, 2026-07-14 19:22:52
<==        Row: 71, 信阳毛尖, 茶叶, 河南信阳, 250g/罐, 158, 486, BATCH-T-008, null, 河南信阳信阳毛尖，全程溯源可查，品质保障。, AA, 0, 1, 2026-07-14 19:22:52, 2026-07-14 19:22:52
<==        Row: 72, 六安瓜片, 茶叶, 安徽六安, 250g/罐, 228, 445, BATCH-T-009, null, 安徽六安六安瓜片，全程溯源可查，品质保障。, AA, 0, 1, 2026-07-14 19:22:52, 2026-07-14 19:22:52
<==        Row: 73, 君山银针, 茶叶, 湖南岳阳, 200g/盒, 268, 295, BATCH-T-010, null, 湖南岳阳君山银针，全程溯源可查，品质保障。, AA, 0, 1, 2026-07-14 19:22:52, 2026-07-14 19:22:52
<==        Row: 74, 福鼎白毫银针, 茶叶, 福建福鼎, 200g/盒, 358, 406, BATCH-T-011, null, 福建福鼎福鼎白毫银针，全程溯源可查，品质保障。, AA, 0, 1, 2026-07-14 19:22:52, 2026-07-14 19:22:52
<==        Row: 75, 安化黑茶, 茶叶, 湖南益阳, 500g/饼, 98, 790, BATCH-T-012, null, 湖南益阳安化黑茶，全程溯源可查，品质保障。, AA, 0, 1, 2026-07-14 19:22:52, 2026-07-14 19:22:52
<==        Row: 76, 祁门红茶, 茶叶, 安徽祁门, 250g/罐, 178, 664, BATCH-T-013, null, 安徽祁门祁门红茶，全程溯源可查，品质保障。, AA, 0, 1, 2026-07-14 19:22:52, 2026-07-14 19:22:52
<==        Row: 77, 正山小种, 茶叶, 福建武夷山, 250g/罐, 198, 456, BATCH-T-014, null, 福建武夷山正山小种，全程溯源可查，品质保障。, AA, 0, 1, 2026-07-14 19:22:52, 2026-07-14 19:22:52
<==        Row: 78, 金骏眉, 茶叶, 福建武夷山, 125g/罐, 388, 355, BATCH-T-015, null, 福建武夷山金骏眉，全程溯源可查，品质保障。, AA, 0, 1, 2026-07-14 19:22:52, 2026-07-14 19:22:52
<==        Row: 79, 四川竹叶青, 茶叶, 四川峨眉山, 200g/盒, 218, 636, BATCH-T-016, null, 四川峨眉山四川竹叶青，全程溯源可查，品质保障。, AA, 0, 1, 2026-07-14 19:22:52, 2026-07-14 19:22:52
<==        Row: 80, 太平猴魁, 茶叶, 安徽黄山, 200g/盒, 248, 294, BATCH-T-017, null, 安徽黄山太平猴魁，全程溯源可查，品质保障。, AA, 0, 1, 2026-07-14 19:22:52, 2026-07-14 19:22:52
<==        Row: 81, 安吉白茶, 茶叶, 浙江安吉, 250g/罐, 198, 765, BATCH-T-018, null, 浙江安吉安吉白茶，全程溯源可查，品质保障。, AA, 0, 1, 2026-07-14 19:22:52, 2026-07-14 19:22:52
<==        Row: 82, 广西六堡茶, 茶叶, 广西梧州, 500g/饼, 108, 264, BATCH-T-019, null, 广西梧州广西六堡茶，全程溯源可查，品质保障。, AA, 0, 1, 2026-07-14 19:22:52, 2026-07-14 19:22:52
<==        Row: 83, 都匀毛尖, 茶叶, 贵州黔南, 250g/罐, 148, 325, BATCH-T-020, null, 贵州黔南都匀毛尖，全程溯源可查，品质保障。, AA, 0, 1, 2026-07-14 19:22:52, 2026-07-14 19:22:52
<==        Row: 84, 台湾冻顶乌龙, 茶叶, 福建漳平, 250g/罐, 228, 670, BATCH-T-021, null, 福建漳平台湾冻顶乌龙，全程溯源可查，品质保障。, AA, 0, 1, 2026-07-14 19:22:52, 2026-07-14 19:22:52
<==        Row: 85, 黑山猪五花肉, 畜禽, 吉林长白山, 500g/盒, 32, 203, BATCH-L-001, null, 吉林长白山黑山猪五花肉，全程溯源可查，品质保障。, AA, 0, 1, 2026-07-14 19:22:52, 2026-07-14 19:22:52
<==        Row: 86, 散养土鸡, 畜禽, 江西泰和, 1只约1.2kg, 68, 633, BATCH-L-002, null, 江西泰和散养土鸡，全程溯源可查，品质保障。, AA, 0, 1, 2026-07-14 19:22:52, 2026-07-14 19:22:52
<==        Row: 87, 生态土鸡蛋, 畜禽, 湖南衡阳, 30枚/盒, 45, 649, BATCH-L-003, null, 湖南衡阳生态土鸡蛋，全程溯源可查，品质保障。, AA, 0, 1, 2026-07-14 19:22:52, 2026-07-14 19:22:52
<==        Row: 88, 宁夏盐池滩羊, 畜禽, 宁夏吴忠, 1kg/盒, 108, 439, BATCH-L-004, null, 宁夏吴忠宁夏盐池滩羊，全程溯源可查，品质保障。, AA, 0, 1, 2026-07-14 19:22:52, 2026-07-14 19:22:52
<==        Row: 89, 内蒙古科尔沁牛, 畜禽, 内蒙古通辽, 1kg/盒, 88, 179, BATCH-L-005, null, 内蒙古通辽内蒙古科尔沁牛，全程溯源可查，品质保障。, AA, 0, 1, 2026-07-14 19:22:52, 2026-07-14 19:22:52
<==        Row: 90, 贵州散养鸭, 畜禽, 贵州六盘水, 1只约1.5kg, 56, 744, BATCH-L-006, null, 贵州六盘水贵州散养鸭，全程溯源可查，品质保障。, AA, 0, 1, 2026-07-14 19:22:52, 2026-07-14 19:22:52
<==        Row: 91, 四川跑山猪排, 畜禽, 四川巴中, 500g/盒, 42, 442, BATCH-L-007, null, 四川巴中四川跑山猪排，全程溯源可查，品质保障。, AA, 0, 1, 2026-07-14 19:22:52, 2026-07-14 19:22:52
<==        Row: 92, 安徽土鸭蛋, 畜禽, 安徽安庆, 20枚/盒, 36, 204, BATCH-L-008, null, 安徽安庆安徽土鸭蛋，全程溯源可查，品质保障。, AA, 0, 1, 2026-07-14 19:22:52, 2026-07-14 19:22:52
<==        Row: 93, 青海牦牛肉, 畜禽, 青海玉树, 1kg/盒, 128, 497, BATCH-L-009, null, 青海玉树青海牦牛肉，全程溯源可查，品质保障。, AA, 0, 1, 2026-07-14 19:22:52, 2026-07-14 19:22:52
<==        Row: 94, 海南文昌鸡, 畜禽, 海南文昌, 1只约1kg, 72, 512, BATCH-L-010, null, 海南文昌海南文昌鸡，全程溯源可查，品质保障。, AA, 0, 1, 2026-07-14 19:22:52, 2026-07-14 19:22:52
<==        Row: 95, 东北笨鹅, 畜禽, 黑龙江绥化, 1只约2kg, 88, 791, BATCH-L-011, null, 黑龙江绥化东北笨鹅，全程溯源可查，品质保障。, AA, 0, 1, 2026-07-14 19:22:52, 2026-07-14 19:22:52
<==        Row: 96, 浙江湖羊, 畜禽, 浙江湖州, 1kg/盒, 98, 210, BATCH-L-012, null, 浙江湖州浙江湖羊，全程溯源可查，品质保障。, AA, 0, 1, 2026-07-14 19:22:52, 2026-07-14 19:22:52
<==        Row: 97, 云南乌骨鸡, 畜禽, 云南楚雄, 1只约1kg, 62, 390, BATCH-L-013, null, 云南楚雄云南乌骨鸡，全程溯源可查，品质保障。, AA, 0, 1, 2026-07-14 19:22:52, 2026-07-14 19:22:52
<==        Row: 98, 山东乳鸽, 畜禽, 山东济南, 2只/盒, 48, 337, BATCH-L-014, null, 山东济南山东乳鸽，全程溯源可查，品质保障。, AA, 0, 1, 2026-07-14 19:22:52, 2026-07-14 19:22:52
<==        Row: 99, 广西巴马香猪, 畜禽, 广西河池, 1kg/盒, 78, 447, BATCH-L-015, null, 广西河池广西巴马香猪，全程溯源可查，品质保障。, AA, 0, 1, 2026-07-14 19:22:52, 2026-07-14 19:22:52
<==        Row: 100, 西藏藏香猪, 畜禽, 西藏林芝, 1kg/盒, 158, 489, BATCH-L-016, null, 西藏林芝西藏藏香猪，全程溯源可查，品质保障。, AA, 0, 1, 2026-07-14 19:22:52, 2026-07-14 19:22:52
<==        Row: 101, 高邮咸鸭蛋, 畜禽, 江苏高邮, 20枚/盒, 42, 279, BATCH-L-017, null, 江苏高邮高邮咸鸭蛋，全程溯源可查，品质保障。, AA, 0, 1, 2026-07-14 19:22:52, 2026-07-14 19:22:52
<==        Row: 102, 福建河田鸡, 畜禽, 福建龙岩, 1只约1.2kg, 65, 285, BATCH-L-018, null, 福建龙岩福建河田鸡，全程溯源可查，品质保障。, AA, 0, 1, 2026-07-14 19:22:52, 2026-07-14 19:22:52
<==        Row: 103, 陕西秦川牛肉, 畜禽, 陕西宝鸡, 1kg/盒, 82, 150, BATCH-L-019, null, 陕西宝鸡陕西秦川牛肉，全程溯源可查，品质保障。, AA, 0, 1, 2026-07-14 19:22:52, 2026-07-14 19:22:52
<==        Row: 104, 湖北洪湖鸭, 畜禽, 湖北洪湖, 1只约1.5kg, 52, 498, BATCH-L-020, null, 湖北洪湖湖北洪湖鸭，全程溯源可查，品质保障。, AA, 0, 1, 2026-07-14 19:22:52, 2026-07-14 19:22:52
<==        Row: 105, 广东清远鸡, 畜禽, 广东清远, 1只约1.2kg, 58, 301, BATCH-L-021, null, 广东清远广东清远鸡，全程溯源可查，品质保障。, AA, 0, 1, 2026-07-14 19:22:52, 2026-07-14 19:22:52
<==      Total: 105
Closing non transactional SqlSession [org.apache.ibatis.session.defaults.DefaultSqlSession@5a71679a]
2026-07-15 10:34:38.276  INFO 28452 --- [nio-8080-exec-6] c.agri.trace.agent.MainCoordinatorAgent  : API Key 有效，使用在线模式（provider=openai, key前缀=sk-or-v1-26d8d5...）
2026-07-15 10:34:38.277  INFO 28452 --- [nio-8080-exec-6] com.agri.trace.agent.LlmService          : 调用 LLM API: provider=openai, model=deepseek/deepseek-chat, url=https://openrouter.ai/api/v1/chat/completions
2026-07-15 10:34:51.700  INFO 28452 --- [nio-8080-exec-6] c.agri.trace.agent.MainCoordinatorAgent  : LLM 在线回答完成
Creating a new SqlSession
SqlSession [org.apache.ibatis.session.defaults.DefaultSqlSession@1eeb7944] was not registered for synchronization because synchronization is not active
JDBC Connection [HikariProxyConnection@924035899 wrapping org.sqlite.jdbc4.JDBC4Connection@7d3e8655] will not be managed by Spring
==>  Preparing: INSERT INTO agent_dialog ( session_id, question, answer, tool_calls, create_time ) VALUES ( ?, ?, ?, ?, ? )
==> Parameters: 007de90369f242e4a295ae10c522eca8(String), 推荐几款水果(String), 根据当前平台商品目录，我为您精选了几款优质水果推荐（均带完整溯源信息，溯源等级AA级以上）：

1. **山东红富士苹果（烟台）** ￥49.9  
   - 特点：AAA级溯源，脆甜多汁  
   - 批次：BATCH-F-001  
   - 时令推荐：当前为最佳食用期  

2. **四川爱媛果冻橙（眉山）** ￥45  
   - 特点：无核爆汁，可追溯种植园  
   - 批次：BATCH-F-003  
   - 检测报告：农残未检出（可提供详细报告）  

3. **海南金钻凤梨（海口）** ￥29.9  
   - 特点：免泡盐水，甜度达14°  
   - 批次：BATCH-F-005  
   - 物流：全程冷链运输  

4. **云南澄江蓝莓** ￥88  
   - 特点：有机种植，花青素含量高  
   - 批次：BATCH-F-020  
   - 产地：高原湖泊区，昼夜温差大  

5. **广西武鸣沃柑** ￥35.9  
   - 特点：糖酸比18:1，皮薄易剥  
   - 批次：BATCH-F-004  
   - 检测：符合GB 2763-2021标准  

**小贴士**：所有推荐水果均可通过批次号查询完整溯源链路，包括农事记录（施肥/灌溉）、采摘时间、质检报告等。需要了解某款具体信息或偏好其他品种（如荔枝/杨梅等），可随时告知我细化推荐。(String), product_recommend(String), 2026-07-15T10:34:51.702(LocalDateTime)
<==    Updates: 1
Closing non transactional SqlSession [org.apache.ibatis.session.defaults.DefaultSqlSession@1eeb7944]
